,date,time,ticker,link,headline,image,content
0,2020-11-01,22:08:00,AAPL,https://www.investors.com/market-trend/stock-market-today/dow-jones-futures-coronavirus-election-eyed-after-market-sell-off-what-to-do/?src=A00220,"Dow Jones Futures Rise: Coronavirus, Election In Focus After Stock Market Sell-Off; What To Do Now",https://www.investors.com/wp-content/uploads/2018/11/stock-bear-wave-04-adobe.jpg,"Dow Jones futures rose modestly Sunday night, along with S&P 500 futures and Nasdaq futures. The stock market suffered a decisive break last week, with coronavirus cases soaring and lockdowns increasi..."
1,2020-11-01,21:00:00,AAPL,https://finance.yahoo.com/news/kiplingers-weekly-earnings-calendar-6-000001439.html,Earnings Reports for the Week of Nov. 2-6,https://s.yimg.com/ny/api/res/1.2/1tBXVsNpqIVxvEqcLTsQdA--/YXBwaWQ9aGlnaGxhbmRlcjt3PTQyMDtoPTIzNi42/https://s.yimg.com/uu/api/res/1.2/Ows2zIjMVA1BkBhbDLShjw--~B/aD0xNjk7dz0zMDA7YXBwaWQ9eXRhY2h5b24-/https://media.zenfs.com/en/kiplinger.com/e4b18762443163a332183f5afd77b732,Below is a weekly earnings calendar of the most important upcoming quarterly reports schedule to be released by publicly traded companies. There are also earnings previews for select companies. Please...
2,2020-11-01,17:45:00,AAPL,https://www.investors.com/market-trend/stock-market-today/dow-jones-futures-after-worst-week-since-march-new-stock-market-direction/?src=A00220,"Dow Jones Futures: After Worst Week Since March, Don't Feed The Bears! Here's What To Do Now",https://www.investors.com/wp-content/uploads/2018/11/stock-bear-wave-04-adobe.jpg,"Dow Jones futures rose modestly Sunday night, along with S&P 500 futures and Nasdaq futures. The stock market suffered a decisive break last week, with coronavirus cases soaring and lockdowns increasi..."
3,2020-11-01,09:00:00,AAPL,https://www.fool.com/investing/2020/11/01/3-reasons-alphabet-surged-as-the-rest-of-faang-plu/?source=eptyholnk0000202&utm_source=yahoo-host&utm_medium=feed&utm_campaign=article,3 Reasons Alphabet Surged on Friday While the Rest of FAANG Plummeted,https://g.foolcdn.com/editorial/images/598013/gettyimages-1152131393.jpg,"Friday, Oct. 30, was a scary day for the markets -- very appropriate for the day before Halloween. The tech-focused Nasdaq declined 2.45%, and the leading FAANG contingent fell even harder, with all m..."
4,2020-11-01,07:04:00,AAPL,https://finance.yahoo.com/news/apple-inc-nasdaq-aapl-full-120430940.html,The Apple Inc. (NASDAQ:AAPL) Full-Year Results Are Out And Analysts Have Published New Forecasts,https://s.yimg.com/ny/api/res/1.2/h22isY0BJqM0Cdg7lTwjOw--/YXBwaWQ9aGlnaGxhbmRlcjt3PTk2MA--/https://media.zenfs.com/en/simply_wall_st__316/a00812c851ed3870110e3495de6a0971,"Shareholders might have noticed that Apple Inc.  filed its yearly result this time last week. The early response was not positive, with shares down 5.4% to US$109 in the past week. Apple reported in l..."
5,2020-10-31,16:34:00,AAPL,https://www.fool.com/investing/2020/10/31/3-top-5g-stocks-to-buy-ahead-of-the-election/?source=eptyholnk0000202&utm_source=yahoo-host&utm_medium=feed&utm_campaign=article,3 Top 5G Stocks to Buy Ahead of the Election,https://g.foolcdn.com/editorial/images/597488/smartphone-millennials-getty-6217.jpg,"The upcoming election could bring about many policy changes that would impact business and investing, including ramifications for 5G mobile networks. The nascent technology is still in the early stage..."
6,2020-10-31,14:40:00,AAPL,https://finance.yahoo.com/news/benzingas-bulls-bears-week-faangs-184027866.html,"Benzinga's Bulls And Bears Of The Week: FAANGS, Ford, Visa And More",https://s.yimg.com/ny/api/res/1.2/CrYrHG4yjbCotS2LyjUj5w--/YXBwaWQ9aGlnaGxhbmRlcjt3PTk2MDtoPTY0MA--/https://s.yimg.com/uu/api/res/1.2/JvnPf0FGXMfMf.VNwJGgcw--~B/aD00MDA7dz02MDA7YXBwaWQ9eXRhY2h5b24-/https://media.zenfs.com/en/Benzinga/cae753faafe367069bbb90f2634865e2," 
Benzinga has examined the prospects for many investor favorite stocks over the past week. 
The bullish calls this past week included FAANG stocks and other blue chips.
A financial giant and merging ..."
7,2020-10-31,11:00:00,AAPL,https://finance.yahoo.com/news/week-apps-facebook-gaming-skips-150050718.html,"This Week in Apps: Facebook Gaming skips iOS, TikTok goes shopping, Apple One bundles arrive",https://s.yimg.com/ny/api/res/1.2/NHRuUzYi4sNq8.z5ymSI6A--/YXBwaWQ9aGlnaGxhbmRlcjt3PTk2MDtoPTEzMS4yOTQxMTc2NDcwNTg4/https://media.zenfs.com/en/techcrunch_350/cb4715b6d51dff1749afe38dcd150ee3,"Welcome back to This Week in Apps, the TechCrunch series that recaps the latest OS news, the applications they support and the money that flows through it all.
The app industry is as hot as ever, with..."
8,2020-10-31,10:48:00,AAPL,https://finance.yahoo.com/news/what-netflix-price-hikes-means-for-streaming-wars-amid-cheap-rival-offerings-143637866.html,What Netflix's price hikes means for the streaming wars as rivals offer cheaper options,https://s.yimg.com/ny/api/res/1.2/WHTnblUXKgZ.03ORfwyM3w--/YXBwaWQ9aGlnaGxhbmRlcjt3PTk2MDtoPTY0MA--/https://media-mbst-pub-ue1.s3.amazonaws.com/creatr-uploaded-images/2020-10/da9b8520-1aff-11eb-bffb-96496394aad1,"Netflix (NFLX), the streaming worldâ€™s biggest player, has offered up another round of price hikes.
On Thursday, the technology giant announced that it plans to increase both its standard plan and its ..."
9,2020-10-31,08:43:00,AAPL,https://www.fool.com/investing/2020/10/31/wireless-carriers-may-be-guaranteeing-the-iphone-1/?source=eptyholnk0000202&utm_source=yahoo-host&utm_medium=feed&utm_campaign=article,How Wireless Carriers May Be Guaranteeing the iPhone 12's Success,https://g.foolcdn.com/editorial/images/597779/5g-image.jpg,"Apple  investors, start sending thank-you cards to the wireless carriers. It s no stretch to suggest that their current deals represent the most aggressive iPhone promotions most customers have ever s..."
