제목,내용,작성일자,url
2020년 10월 13일 홍콩거래소(후강퉁시장 포함) 오후 시장 휴장 확정 안내,"
		안녕하세요, 교보증권 입니다.  2020년 10월 13일 홍콩 현지 태풍 경보로(Signal 8) 인한  금일 홍콩거래소 오후장 휴장이 확정되었습니다.(후강퉁시장 포함)  https://www.hkex.com.hk/News/Market-Communications/2020/200819news?sc_lang=en  자세한 사항은 하기 URL 참고 부탁드립니다.  감사합니다.
		
		
",2020/10/13 13:46,http://m.iprovest.com//weblogic/GlstockServlet/noticeView?sno=57850&pageNum=1&shColum=title&shKeyword=&rnum=1&menuUrl=
2020년 10월 13일 홍콩거래소(후강퉁시장 포함) 오전거래 지연 안내 ,"
		안녕하세요, 교보증권 입니다.  2020년 10월13일 홍콩 현지 태풍 경보로(Signal 8) 인한  오늘 오전 시장 개장이 현재 연기된 상태입니다.(후강퉁시장 포함) https://www.hkex.com.hk/News/Market-Communications/2020/200819news?sc_lang=en   ① 현지 시간 9시까지 태풍 경보가 Signal 8로 유지 될 시 오전 장은 취소 됩니다.  ② 현지 시간 12시까지 Signal 8 유지 될 시 오늘 전체 장 취소 됩니다.  ③ 현지 시간 12시 전까지 태풍 경보 Singal 8이상이 해제 되면 오후 장 개장 하게 됩니다.   자세한 일정은 추후 재공지 드리겠습니다.  감사합니다.
		
		
",2020/10/13 08:43,http://m.iprovest.com//weblogic/GlstockServlet/noticeView?sno=57841&pageNum=1&shColum=title&shKeyword=&rnum=2&menuUrl=
정규장 전 Pre-Market 거래 개시,"
		안녕하세요. 항상 교보증권을 이용해 주셔서 감사합니다. 아래와 같이 Pre-Market 거래를 지원하오니 참고 부탁드립니다.  ■ 내용 : 미국 거래소(뉴욕, 나스닥, 아멕스) 정규장 전 Pre-Market 거래 ■ 거래개시 : 2020.10.05(월) 미국시장 부터 ■ Pre-Market(장전시간외) 거래시간 : 한국시간 21:30~22:30(섬머타임 적용 기준 / 정규장 오픈 전 1시간) ■ 기타①장전시간외 주문이 미체결 상태로 남아있는 경우, 해당 주문은 정규장 시장까지 자동 유지됩니다. ②정규장 까지 이어진 주문이 미체결로 마감이 되는경우, 해당 주문은 자동 취소 됩니다. ③ 장전시간외 주문이 미체결되어 정규장 주문으로 이관되는 경우, 미체결 내역에 해당 주문이 남아있고 당일 계속 주문이 진행중인 주문이오니, 중복주문이 발생되지 않도록 확인 부탁드리겠습니다. ④ 미국시장 정규시장은 섬머타임 적용시 22:30~익일 05:00 까지 입니다. ⑤ 예약주문 화면에서 입력된 주문은 정규장 시장만 지원을 합니다.  ■주문방법  : 주문창 → 주문유형 드롭박스 → 장전시간외 선택    감사합니다.

",2020/10/05 16:04,http://m.iprovest.com//weblogic/GlstockServlet/noticeView?sno=57786&pageNum=1&shColum=title&shKeyword=&rnum=3&menuUrl=
2020년 10월 해외증시 휴장일 안내 ,"
		항상 교보증권을 이용해 주시는 고객님께 감사드립니다.  아래와 같이 2020년 10월 해외증시 휴장일을 안내해 드리오니 거래시 참고하여 주시기 바랍니다.   <미국> - 10/12 (월) : Columbus Day (결제휴장)   <홍콩> - 10/01 (목) : National Day  - 10/02 (금) : Mid-Autumn Festival  - 10/26 (월) : Chung Yeung Festival  <중국(후강통,선강통)> - 10/01 (목) : National Day and Mid-Autumn Festival - 10/02 (금) : National Day and Mid-Autumn Festival  - 10/05 (월) : National Day and Mid-Autumn Festival - 10/06 (화) : National Day and Mid-Autumn Festival - 10/07 (수) : National Day and Mid-Autumn Festival - 10/08 (목) : National Day and Mid-Autumn Festival  - 10/23 (금) : Chung Yeung Festival - 10/26 (월) : Chung Yeung Festival   ※ 결제휴장의 경우 매매는 정상적으로 이루어지며, 결제처리만 불가합니다.  ※ 휴장일만큼 결제일이 지연되오니 참고하시기 바랍니다.  ※ 해외 휴장일에는 주문만 불가하고, 환전, 계좌개설, 실시간 시세 사용신청 등의 업무는 기존과 동일하게 지원됩니다. 국내 휴장일 시에는 불가합니다.  ※ 상해A(후강퉁)와 심천A(선강퉁) 거래의 경우 거래 제도상 중국 현지는 정상거래이나, 후강퉁 매매는 불가할 수도 있습니다.  ※ 기타 문의 사항은 GBK부(02-3771-9446)로 연락 주시기 바랍니다.
		
		
",2020/09/25 14:40,http://m.iprovest.com//weblogic/GlstockServlet/noticeView?sno=57743&pageNum=1&shColum=title&shKeyword=&rnum=4&menuUrl=
2020년 9월 해외증시 휴장일 안내 ,"
		항상 교보증권을 이용해 주시는 고객님께 감사드립니다.  아래와 같이 2020년 9월 해외증시 휴장일을 안내해 드리오니 거래시 참고하여 주시기 바랍니다.   <미국> - 9/07 (월) : Labor Day   <일본> - 9/21 (월) : Respect for the Aged Day- 9/22 (화) : Autumnal Equinox  ※ 휴장일만큼 결제일이 지연되오니 참고하시기 바랍니다.  ※ 해외 휴장일에는 주문만 불가하고, 환전, 계좌개설, 실시간 시세 사용신청 등의 업무는 기존과 동일하게 지원됩니다. 국내 휴장일 시에는 불가합니다.  ※ 상해A(후강퉁)와 심천A(선강퉁) 거래의 경우 거래 제도상 중국 현지는 정상거래이나, 후강퉁 매매는 불가할 수도 있습니다.  ※ 기타 문의 사항은 GBK부(02-3771-9446)로 연락 주시기 바랍니다.
		
		
",2020/08/31 12:19,http://m.iprovest.com//weblogic/GlstockServlet/noticeView?sno=57544&pageNum=1&shColum=title&shKeyword=&rnum=5&menuUrl=
홍콩거래소 오전 거래 지연 안내,"
		안녕하세요 교보증권 입니다. 2020년8월19일 홍콩 현지 태풍 경보로(Signal 9) 인한  오늘 오전 시장 개장이 현재 연기된 상태입니다. https://www.hkex.com.hk/News/Market-Communications/2020/200819news?sc_lang=en  ① 현지 시간 9시까지 태풍 경보가 Signal 8로 유지 될 시 오전 장은 취소 됩니다. ② 현지 시간 12시까지 Signal 8 유지 될 시 오늘 전체 장 취소 됩니다. ③ 현지 시간 12시 전까지 태풍 경보 Singal 8이상이 해제 되면 오후 장 개장 하게 됩니다.  자세한 일정은 추후 재공지 드리겠습니다. 감사합니다.

",2020/08/19 09:00,http://m.iprovest.com//weblogic/GlstockServlet/noticeView?sno=57452&pageNum=1&shColum=title&shKeyword=&rnum=6&menuUrl=
2020년 8월 해외증시 휴장일 안내,"
		항상 교보증권을 이용해 주시는 고객님께 감사드립니다.  아래와 같이 2020년 8월 해외증시 휴장일을 안내해 드리오니 거래시 참고하여 주시기 바랍니다.    <일본> - 8/10 (월) : Mountain Day    ※ 휴장일만큼 결제일이 지연되오니 참고하시기 바랍니다.  ※ 해외 휴장일에는 주문만 불가하고, 환전, 계좌개설, 실시간 시세 사용신청 등의 업무는 기존과 동일하게 지원됩니다. 국내 휴장일 시에는 불가합니다.  ※ 상해A(후강퉁)와 심천A(선강퉁) 거래의 경우 거래 제도상 중국 현지는 정상거래이나, 후강퉁 매매는 불가할 수도 있습니다.  ※ 기타 문의 사항은 GBK부(02-3771-9446)로 연락 주시기 바랍니다.
		
		
",2020/07/28 02:34,http://m.iprovest.com//weblogic/GlstockServlet/noticeView?sno=57304&pageNum=1&shColum=title&shKeyword=&rnum=7&menuUrl=
2020년 7월 해외증시 휴장일 안내,"
		항상 교보증권을 이용해 주시는 고객님께 감사드립니다.  아래와 같이 2020년 7월 해외증시 휴장일을 안내해 드리오니 거래시 참고하여 주시기 바랍니다.  <미국> - 7/03 (금) : Independence Day <홍콩> - 7/01 (수) : Sar Establishment Day  <중국(후강통,선강통)> - 7/01 (수) : Sar Establishment Day   ※ 휴장일만큼 결제일이 지연되오니 참고하시기 바랍니다.  ※ 해외 휴장일에는 주문만 불가하고, 환전, 계좌개설, 실시간 시세 사용신청 등의 업무는 기존과 동일하게 지원됩니다. 국내 휴장일 시에는 불가합니다.  ※ 상해A(후강퉁)와 심천A(선강퉁) 거래의 경우 거래 제도상 중국 현지는 정상거래이나, 후강퉁 매매는 불가할 수도 있습니다.  ※ 기타 문의 사항은 GBK부(02-3771-9446)로 연락 주시기 바랍니다.
		
		
",2020/06/29 08:59,http://m.iprovest.com//weblogic/GlstockServlet/noticeView?sno=57105&pageNum=1&shColum=title&shKeyword=&rnum=8&menuUrl=
2020년 6월 해외증시 휴장일 안내,"
		항상 교보증권을 이용해 주시는 고객님께 감사드립니다.  아래와 같이 2020년 6월 해외증시 휴장일을 안내해 드리오니 거래시 참고하여 주시기 바랍니다.   <홍콩> - 6/25 (목) : Tuen Ng Festival   <중국(후강통,선강통)> - 6/25 (목) : Trading Calendar of Stock Connect (Northbound Closed)- 6/26 (금) : Trading Calendar of Stock Connect (Northbound Closed)- 6/30 (화) : Trading Calendar of Stock Connect (Northbound Closed)  ※ 휴장일만큼 결제일이 지연되오니 참고하시기 바랍니다.  ※ 해외 휴장일에는 주문만 불가하고, 환전, 계좌개설, 실시간 시세 사용신청 등의 업무는 기존과 동일하게 지원됩니다. 국내 휴장일 시에는 불가합니다.  ※ 상해A(후강퉁)와 심천A(선강퉁) 거래의 경우 거래 제도상 중국 현지는 정상거래이나, 후강퉁 매매는 불가할 수도 있습니다.  ※ 기타 문의 사항은 GBK부(02-3771-9446)로 연락 주시기 바랍니다.
		
		
",2020/05/26 13:38,http://m.iprovest.com//weblogic/GlstockServlet/noticeView?sno=56815&pageNum=1&shColum=title&shKeyword=&rnum=9&menuUrl=
2020년 5월 해외증시 휴장일 안내,"
		항상 교보증권을 이용해 주시는 고객님께 감사드립니다.  아래와 같이 2020년 5월 해외증시 휴장일을 안내해 드리오니 거래시 참고하여 주시기 바랍니다.   <미국> - 5/25 (월) : Memorial Day  <홍콩> - 5/01 (금) : Labour Day  <중국(후강통,선강통)> - 5/01 (금) : Northbound Closed - 5/04 (월) : Northbound Closed - 5/05 (화) : Northbound Closed   ※ 휴장일만큼 결제일이 지연되오니 참고하시기 바랍니다.  ※ 해외 휴장일에는 주문만 불가하고, 환전, 계좌개설, 실시간 시세 사용신청 등의 업무는 기존과 동일하게 지원됩니다. 국내 휴장일 시에는 불가합니다.  ※ 상해A(후강퉁)와 심천A(선강퉁) 거래의 경우 거래 제도상 중국 현지는 정상거래이나, 후강퉁 매매는 불가할 수도 있습니다.  ※ 기타 문의 사항은 GBK부(02-3771-9446)로 연락 주시기 바랍니다.
		
		
",2020/04/27 14:12,http://m.iprovest.com//weblogic/GlstockServlet/noticeView?sno=56436&pageNum=1&shColum=title&shKeyword=&rnum=10&menuUrl=
2020년 4월 해외중시 휴장일 안내,"
		항상 교보증권을 이용해 주시는 고객님께 감사드립니다.  아래와 같이 2020년 4월 해외 증시 휴장일을 안내해드리오니 거래 시 참고하여 주시기 바랍니다.   <미국> - 4/10 (금) : Good Friday   <홍콩> - 4/10 (금) : Good Friday - 4/13 (월) : Easter Monday - 4/30 (화) : Birthday of the Buddha <중국(후강통,선강통)> - 4/6 (월) : Ching Ming Festival - 4/9 (목) : Good Friday - 4/10 (금) : Good Friday - 4/13 (월) : Easter Monday - 4/29 (수) : Birthday of the Buddha- 4/30 (목) : Birthday of the Buddha  ※ 휴장일만큼 결제일이 지연되오니 참고하시기 바랍니다.  ※ 해외 휴장일에는 주문만 불가하고, 환전, 계좌개설, 실시간 시세 사용신청 등의 업무는 기존과 동일하게 지원됩니다. 국내 휴장일 시에는 불가합니다.  ※ 상해A(후강퉁)와 심천A(선강퉁) 거래의 경우 거래 제도상 중국 현지는 정상거래이나, 후강퉁 매매는 불가할 수도 있습니다.  ※ 기타 문의 사항은 GBK부(02-3771-9446)로 연락 주시기 바랍니다.
		
		
",2020/04/02 09:43,http://m.iprovest.com//weblogic/GlstockServlet/noticeView?sno=56056&pageNum=2&shColum=title&shKeyword=&rnum=11&menuUrl=
[중요]해외ETF 기초자산 변경 안내,"
		안녕하세요. 항상 교보증권을 이용해 주셔서 감사합니다. 최근 증시 변동성 심화 와 관련하여 아래와 같이 일부 해외상장 ETF 종목의  기초자산 변경이 진행되오니, 거래에 참고 부탁드립니다.  -   다     음   - ① BRZU : Direxion Daily MSCI Brazil Bull 2X Shares② RUSL : Direxion Daily Russia Bull 2X Shares③ NUGT : Direxion Daily Gold Miners Index Bull 2X Shares④ DUST : Direxion Daily Gold Miners Index Bear 2X Shares⑤ JNUG : Direxion Daily Junior Gold Miners Index Bull 2X Shares⑥ JDST : Direxion Daily Junior Gold Miners Index Bear 2X Shares⑦ ERX : Direxion Daily Energy Bull 2X Shares⑧ ERY : Direxion Daily Energy Bear 2X Shares⑨ GUSH : Direxion Daily S&P Oil & Gas Exp. & Prod. Bull 2X Shares⑩ DRIP : Direxion Daily S&P Oil & Gas Exp. & Prod. Bear 2X Shares  ※ 기초자산의 변동성 심화로, 기존 레버리지가 있는 종목이 대부분 입니다.  기존에 적용되던 레버리지 비율의 조절이 진행되오니 필히 참고 부탁드립니다.  

",2020/03/31 17:19,http://m.iprovest.com//weblogic/GlstockServlet/noticeView?sno=56024&pageNum=2&shColum=title&shKeyword=&rnum=12&menuUrl=
미국증시 거래시간 변경(서머타임 적용),"
		항상 교보증권을 이용해 주시는 고객님께 감사드립니다.      미국의 Summer Time(서머타임) 적용에 따라  다음과 같이 해외주식 거래시간이 변경될 예정이오니 참고 부탁드리겠습니다.     -   다     음   -  ■ 2020년 3월 09일(월) 부터 미국 증시 거래시간 변경  - 기존  23:30 ~ 06:00(한국시간 기준) - 변경  22:30 ~ 05:00(한국시간 기준)  ※ 해외주식 예약접수 및 기타 주문과 관련된 시간도 함께 변경 ※ 기타 문의 사항은 해외주식부(02-3771-9446)로 연락 주시기 바랍니다. 

",2020/03/04 08:56,http://m.iprovest.com//weblogic/GlstockServlet/noticeView?sno=55545&pageNum=2&shColum=title&shKeyword=&rnum=13&menuUrl=
2020년 3월 해외증시 휴장일 안내,"
		항상 교보증권을 이용해 주시는 고객님께 감사드립니다.  아래와 같이 2020년 3월 해외 증시 휴장일을 안내해드리오니 거래 시 참고하여 주시기 바랍니다.  <미국> - 없음   <홍콩> - 없음   <중국(후강통/선강통)> - 없음   휴장일만큼 결제일이 지연되오니 참고하시기 바랍니다.  ※ 해외 휴장일에는 주문만 불가하고, 환전, 계좌개설, 실시간 시세 사용신청 등의 업무는 기존과 동일하게 지원됩니다. 국내 휴장일 시에는 불가합니다.  ※ 상해A(후강퉁)와 심천A(선강퉁) 거래의 경우 거래 제도상 중국 현지는 정상거래이나, 후강퉁 매매는 불가할 수도 있습니다.  ※ 기타 문의 사항은 GBK부(02-3771-9446)로 연락 주시기 바랍니다. 첨부파일    

",2020/03/04 08:47,http://m.iprovest.com//weblogic/GlstockServlet/noticeView?sno=55543&pageNum=2&shColum=title&shKeyword=&rnum=14&menuUrl=
2020년 2월 해외증시 휴장일 안내,"
		항상 교보증권을 이용해 주시는 고객님께 감사드립니다.  아래와 같이 2020년 02월 해외 증시 휴장일을 안내해드리오니 거래 시 참고하여 주시기 바랍니다.   <미국> - 2/17 (월) : Presidents’ Day <홍콩> - 없음 <중국(후강통,선강통)> - 없음  ※ 휴장일만큼 결제일이 지연되오니 참고하시기 바랍니다.  ※ 해외 휴장일에는 주문만 불가하고, 환전, 계좌개설, 실시간 시세 사용신청 등의 업무는 기존과 동일하게 지원됩니다. 국내 휴장일 시에는 불가합니다.  ※ 상해A(후강퉁)와 심천A(선강퉁) 거래의 경우 거래 제도상 중국 현지는 정상거래이나, 후강퉁 매매는 불가할 수도 있습니다.  ※ 기타 문의 사항은 GBK부(02-3771-9446)로 연락 주시기 바랍니다.  

",2020/01/31 11:07,http://m.iprovest.com//weblogic/GlstockServlet/noticeView?sno=54852&pageNum=2&shColum=title&shKeyword=&rnum=15&menuUrl=
2020년 01월 중국증시 휴장일 연장 안내,"
		안녕하세요. 항상 교보증권을 이용해 주셔서 감사합니다. 2020년 01월 중국(상해/심천)증시 거래소 휴장일 연장을 다음과 같이 안내 드립니다.   ■ 상해거래소 : 2020년01월31일 휴장(02월03일 부터 정상거래) ■ 심천거래소 : 2020년01월31일 휴장(02월03일 부터 정상거래)  거래에 참고 부탁드리겠습니다. 감사합니다.

",2020/01/28 10:27,http://m.iprovest.com//weblogic/GlstockServlet/noticeView?sno=54731&pageNum=2&shColum=title&shKeyword=&rnum=16&menuUrl=
2020년 1월 해외증시 휴장일 안내,"
		항상 교보증권을 이용해 주시는 고객님께 감사드립니다.  아래와 같이 2020년 1월 해외 증시 휴장일을 안내해드리오니 거래 시 참고하여 주시기 바랍니다.   <미국> - 1/1 (수) : New Year''''s Day 새해 - 1/20 (월) : Martin Luther King Day 마틴루터킹데이   <홍콩> - 1/2 (수) New Year''''s Day 새해 - 1/24 (금) Luna New Year'''''''' / 반일장 오픈- 1/27 (월) Luna New Year 구정 - 1/28 (화) Luna New Year 구정   <중국(후강통,선강통)> - 1/1 (수) New Year''''s Day 새해 - 1/22 (수) Spring Festival / Southbound Trading Closed- 1/23 (목) Spring Festival / Southbound Trading Closed- 1/24 (금) Spring Festival- 1/27 (월) Spring Festival- 1/28 (화) Spring Festival- 1/29 (수) Spring Festival- 1/30 (목) Spring Festival   ※ 휴장일만큼 결제일이 지연되오니 참고하시기 바랍니다.  ※ 해외 휴장일에는 주문만 불가하고, 환전, 계좌개설, 실시간 시세 사용신청 등의 업무는 기존과 동일하게 지원됩니다. 국내 휴장일 시에는 불가합니다.  ※ 상해A(후강퉁)와 심천A(선강퉁) 거래의 경우 거래 제도상 중국 현지는 정상거래이나, 후강퉁 매매는 불가할 수도 있습니다.  ※ 기타 문의 사항은 GBK부(02-3771-9446)로 연락 주시기 바랍니다.  첨부파일     이전글   (11월2일)해외주식 온라인 세미나 안내  다음글   2016년 11월 해외증시 휴장일 안내      Copyright 1998,KYOBO SECURITIES Co, Ltd. All rights reserved. webmaster@kyobotrade.co.kr  

",2019/12/31 16:17,http://m.iprovest.com//weblogic/GlstockServlet/noticeView?sno=54113&pageNum=2&shColum=title&shKeyword=&rnum=17&menuUrl=
2019년 12월 해외증시 휴장일,"
		항상 교보증권을 이용해 주시는 고객님께 감사드립니다.  아래와 같이 2019년 12월 해외 증시 휴장일을 안내해드리오니 거래 시 참고하여 주시기 바랍니다.  <홍콩> - 12/25 (수) Christmas  - 12/26 (목) The first weekday after Christmas Day  <중국(후강통,선강통)>  - 12/25 (수) 홍콩 휴장으로 중국 시장 매매 불가  - 12/26 (목) 홍콩 휴장으로 중국 시장 매매 불가  <미국>  - 12/25 (수) Christmas     휴장일만큼 결제일이 지연되오니 참고하시기 바랍니다.  ※ 해외 휴장일에는 주문만 불가하고, 환전, 계좌개설, 실시간 시세 사용신청 등의 업무는 기존과 동일하게 지원됩니다. 국내 휴장일 시에는 불가합니다.  ※ 상해A(후강퉁)와 심천A(선강퉁) 거래의 경우 거래 제도상 중국 현지는 정상거래이나, 후강퉁 매매는 불가할 수도 있습니다.  ※ 기타 문의 사항은 GBK부(02-3771-9446)로 연락 주시기 바랍니다.
		
		
",2019/12/03 16:02,http://m.iprovest.com//weblogic/GlstockServlet/noticeView?sno=53980&pageNum=2&shColum=title&shKeyword=&rnum=18&menuUrl=
미국증시 거래시간 변경(섬머타임 종료),"
		항상 교보증권을 이용해 주시는 고객님께 감사드립니다.  미국 섬머타임이 미국 동부시간 기준 11월 3일(일) 부로 종료됩니다. 따라서 국내시간 기준 11월 4일(월) 부터 미국 거래소 정규장이 기존 22:30분에서 23:30분으로 변경되오니 착오 없으시길 바랍니다.   - 2019년 11월 4일(월) 부터 미국 증시 거래시간 변경 - 기존 : 22:30 ~ 05:00 - 변경 : 23:30 ~ 06:00   ※ 기타 문의 사항은 GBK부(02-3771-9446)로 연락 주시기 바랍니다.
		
		
",2019/10/23 10:08,http://m.iprovest.com//weblogic/GlstockServlet/noticeView?sno=53762&pageNum=2&shColum=title&shKeyword=&rnum=19&menuUrl=
2019년 11월 해외증시 휴장일,"
		항상 교보증권을 이용해 주시는 고객님께 감사드립니다.  아래와 같이 11월 해외 증시 휴장일을 안내해드리오니 거래 시 참고하여 주시기 바랍니다.   <미국> - 11/11 (월): Veteran’s Day (재향군인의 날)로 인한 결제일만 변경 * 미국 주식 시장(거래소) 정상거래  - 11/28 (목) : Thanksgiving Day  * 미국 주식 시장(거래소) 휴장   <홍콩> 없음.   <중국> 없음.    ※ 휴장일만큼 결제일이 지연되오니 참고하시기 바랍니다.  ※ 기타 문의 사항은 GBK부(02-3771-9446)로 연락 주시기 바랍니다.
		
		
",2019/10/23 10:04,http://m.iprovest.com//weblogic/GlstockServlet/noticeView?sno=53761&pageNum=2&shColum=title&shKeyword=&rnum=20&menuUrl=
 2019년 10월 해외주식 휴장일 ,"
		항상 교보증권을 이용해 주시는 고객님께 감사드립니다.  아래와 같이 2019년 10월 해외 증시 휴장일을 안내해드리오니 거래 시 참고하여 주시기 바랍니다.   <홍콩> - 10/1 (화) National Day  - 10/7 (월) Chung Yeung Festival   <중국(후강통,선강통)> - 10/1 (화) ~ 10/7 (금) National Day   <미국> - 10/14 (월) Columbus Day 로 인한 거래만가능 / 결제불가    휴장일만큼 결제일이 지연되오니 참고하시기 바랍니다.  ※ 해외 휴장일에는 주문만 불가하고, 환전, 계좌개설, 실시간 시세 사용신청 등의 업무는 기존과 동일하게 지원됩니다. 국내 휴장일 시에는 불가합니다.  ※ 상해A(후강퉁)와 심천A(선강퉁) 거래의 경우 거래 제도상 중국 현지는 정상거래이나, 후강퉁 매매는 불가할 수도 있습니다.  ※ 기타 문의 사항은 GBK부(02-3771-9446)로 연락 주시기 바랍니다.
		
		
",2019/09/30 16:14,http://m.iprovest.com//weblogic/GlstockServlet/noticeView?sno=53650&pageNum=3&shColum=title&shKeyword=&rnum=21&menuUrl=
2019년 9월 해외주식 휴장일,"
		항상 교보증권을 이용해 주시는 고객님께 감사드립니다.  아래와 같이 2019년 9월 해외 증시 휴장일을 안내해드리오니 거래 시 참고하여 주시기 바랍니다.   <홍콩> - 없음 <중국 - 후강통,선강통> - 없음   <미국> - 9/2 (월) Labor Day     휴장일만큼 결제일이 지연되오니 참고하시기 바랍니다.  ※ 해외 휴장일에는 주문만 불가하고, 환전, 계좌개설, 실시간 시세 사용신청 등의 업무는 기존과 동일하게 지원됩니다. 국내 휴장일 시에는 불가합니다.  ※ 상해A(후강퉁)와 심천A(선강퉁) 거래의 경우 거래 제도상 중국 현지는 정상거래이나, 후강퉁 매매는 불가할 수도 있습니다.  ※ 기타 문의 사항은 GBK부(02-3771-9446)로 연락 주시기 바랍니다.
		
		
",2019/09/05 09:26,http://m.iprovest.com//weblogic/GlstockServlet/noticeView?sno=53513&pageNum=3&shColum=title&shKeyword=&rnum=22&menuUrl=
홍콩 ETF 한글명 변경 안내,"
		항상 교보증권을 이용해 주시는 고객님께 감사드립니다.  홍콩거래소 ETF 종목 한글명이 변경되어 안내드리오니 거래 시 참고하여 주시기 바랍니다. 종목 코드 및 한글명 등 자세한 사항은 첨부파일에서 확인 가능합니다. ※ 기타 문의 사항은 GBK부(02-3771-9446)로 연락 주시기 바랍니다. 감사합니다.
		
			<h4>첨부파일</h4>
홍콩거래소 ETF 종목 한글명 변경.XLSX

",2019/08/22 13:33,http://m.iprovest.com//weblogic/GlstockServlet/noticeView?sno=53439&pageNum=3&shColum=title&shKeyword=&rnum=23&menuUrl=
2019년 8월 해외주식 휴장일 안내,"
		항상 교보증권을 이용해 주시는 고객님께 감사드립니다.  아래와 같이 2019년 8월 해외 증시 휴장일을 안내해드리오니 거래 시 참고하여 주시기 바랍니다.  <미국> - 없음   <홍콩> - 없음   <중국(후강통/선강통)> - 없음   휴장일만큼 결제일이 지연되오니 참고하시기 바랍니다.  ※ 해외 휴장일에는 주문만 불가하고, 환전, 계좌개설, 실시간 시세 사용신청 등의 업무는 기존과 동일하게 지원됩니다. 국내 휴장일 시에는 불가합니다.  ※ 상해A(후강퉁)와 심천A(선강퉁) 거래의 경우 거래 제도상 중국 현지는 정상거래이나, 후강퉁 매매는 불가할 수도 있습니다.  ※ 기타 문의 사항은 GBK부(02-3771-9446)로 연락 주시기 바랍니다.
		
		
",2019/08/01 10:31,http://m.iprovest.com//weblogic/GlstockServlet/noticeView?sno=53315&pageNum=3&shColum=title&shKeyword=&rnum=24&menuUrl=
태풍으로 인한 홍콩/중국 오후 휴장 안내,"
		금일(31일) 홍콩 태풍으로 인해 홍콩 및 중국(선강퉁, 후강퉁) 거래소 오후장이 중단되었습니다.  해외주식거래에 참고 하시기 바랍니다.  감사합니다. ※ 기타 문의 사항은 해외주식부(02-3771-9446)로 연락 주시기 바랍니다. 

",2019/07/31 15:28,http://m.iprovest.com//weblogic/GlstockServlet/noticeView?sno=53308&pageNum=3&shColum=title&shKeyword=&rnum=25&menuUrl=
교보증권 해외주식 MTS 통합 안내,"
		안녕하세요. 항상 교보증권 해외주식 이용해주셔서 감사합니다. 원활한 해외주식 거래를 위하여 아래와 같이 해외주식 MTS(모바일 거래) 통합을 안내 드리오니 참고 부탁드리겠습니다.                                              -  아        래  - □ 해외주식 MTS 통합 실시    ＊2019년 8월 5일(월)부터 이용 가능 (Win.K 강제업데이트 예정)     ※ 기존 안드로이드 계열 휴대폰에서 제공되던 MTS(SMART K 해외주식)의 통합  ※ 교보증권 대표 MTS(Win.K)를 활용하여 해외주식 거래 가능  ※ 안드로이드 및 iOS(아이폰) 계열 휴대폰 모두 적용  ※ 기존 어플(SMART K 해외주식)은 1개월 병행 가동 후 종료 예정   □ 해외주식 MTS 구버전(안드로이드) 서비스 종료 예정일     ＊2019년 9월 9일(월)부터 이용 불가   ※ 해외거래소 라이센스 정책으로 해외주식의 실시간 시세 이용시 반드시 연합인포맥스 회원가입이 필요합니다.  기타 문의사항은 교보증권 GBK부(02-3771-9446)으로 연락 주시기 바랍니다. 감사합니다.
		
		
",2019/07/30 09:58,http://m.iprovest.com//weblogic/GlstockServlet/noticeView?sno=53305&pageNum=3&shColum=title&shKeyword=&rnum=26&menuUrl=
2019년 7월 해외주식 휴장일 안내,"
		항상 교보증권을 이용해 주시는 고객님께 감사드립니다.  아래와 같이 2019년 7월 해외 증시 휴장일을 안내해드리오니 거래 시 참고하여 주시기 바랍니다.  <미국>- 7/3 (수) Independence Day 전일 (반장) - 7/4 (목) Independence Day     <홍콩> - 7/1 (월) Special Administrative Region Establishment Day   <중국(후강통/선강통)> - 7/1 (월) 홍콩 휴장일로 인한 휴장(Special Administrative Region Establishment Day)  휴장일만큼 결제일이 지연되오니 참고하시기 바랍니다.  ※ 해외 휴장일에는 주문만 불가하고, 환전, 계좌개설, 실시간 시세 사용신청 등의 업무는 기존과 동일하게 지원됩니다. 국내 휴장일 시에는 불가합니다.  ※ 상해A(후강퉁)와 심천A(선강퉁) 거래의 경우 거래 제도상 중국 현지는 정상거래이나, 후강퉁 매매는 불가할 수도 있습니다.  ※ 기타 문의 사항은 GBK부(02-3771-9446)로 연락 주시기 바랍니다.
		
		
",2019/07/03 00:39,http://m.iprovest.com//weblogic/GlstockServlet/noticeView?sno=53186&pageNum=3&shColum=title&shKeyword=&rnum=27&menuUrl=
2019년 6월 해외주식 휴장일 안내,"
		항상 교보증권을 이용해 주시는 고객님께 감사드립니다.  아래와 같이 2019년 6월 해외 증시 휴장일을 안내해드리오니 거래 시 참고하여 주시기 바랍니다.  <미국> - 휴장일 없음  <홍콩> - 6/7 (금) Tuen Ng Festival   <중국(후강통/선강통)> - 6/7 (금) Tuen Ng Festival   휴장일만큼 결제일이 지연되오니 참고하시기 바랍니다.  ※ 해외 휴장일에는 주문만 불가하고, 환전, 계좌개설, 실시간 시세 사용신청 등의 업무는 기존과 동일하게 지원됩니다. 국내 휴장일 시에는 불가합니다.  ※ 상해A(후강퉁)와 심천A(선강퉁) 거래의 경우 거래 제도상 중국 현지는 정상거래이나, 후강퉁 매매는 불가할 수도 있습니다.  ※ 기타 문의 사항은 GBK부(02-3771-9446)로 연락 주시기 바랍니다.
		
		
",2019/06/05 08:03,http://m.iprovest.com//weblogic/GlstockServlet/noticeView?sno=53029&pageNum=3&shColum=title&shKeyword=&rnum=28&menuUrl=
2019년 5월 해외주식 휴장일 안내,"
		항상 교보증권을 이용해 주시는 고객님께 감사드립니다.  아래와 같이 2019년 5월 해외 증시 휴장일을 안내해드리오니 거래 시 참고하여 주시기 바랍니다.  <미국> - 5/27 (월) : Memorial Day   <홍콩> - 5/1 (수) : Labour Day - 5/13 (월) : The Birthday of the Buddha  <중국(후강통/선강통)> - 5/1 (수) : Labour Day - 5/2 (목) : Labour Day - 5/3 (금) : Labour Day - 5/10 (금) : The Birthday of the Buddha - 5/13 (월) : The day following the Birthday of the Buddha  휴장일만큼 결제일이 지연되오니 참고하시기 바랍니다.  ※ 해외 휴장일에는 주문만 불가하고, 환전, 계좌개설, 실시간 시세 사용신청 등의 업무는 기존과 동일하게 지원됩니다. 국내 휴장일 시에는 불가합니다.  ※ 상해A(후강퉁)와 심천A(선강퉁) 거래의 경우 거래 제도상 중국 현지는 정상거래이나, 후강퉁 매매는 불가할 수도 있습니다.  ※ 기타 문의 사항은 GBK부(02-3771-9446)로 연락 주시기 바랍니다.
		
		
",2019/04/30 23:15,http://m.iprovest.com//weblogic/GlstockServlet/noticeView?sno=52772&pageNum=3&shColum=title&shKeyword=&rnum=29&menuUrl=
2019년 4월 해외증시 휴장일,"
		항상 교보증권을 이용해 주시는 고객님께 감사드립니다.  아래와 같이 2019년 4월 해외 증시 휴장일을 안내해드리오니 거래 시 참고하여 주시기 바랍니다.   <미국> - 4/19 (금) : Good Friday   <홍콩> - 4/5 (금) : Ching Ming Festival- 4/19 (금) : Good Friday - 4/22 (월) : Easter Monday  <중국(후강통,선강통)> - 4/5 (금) : Ching Ming Festival - 4/19 (금) : Good Friday - 4/22 (월) : Easter Monday  ※ 휴장일만큼 결제일이 지연되오니 참고하시기 바랍니다.  ※ 해외 휴장일에는 주문만 불가하고, 환전, 계좌개설, 실시간 시세 사용신청 등의 업무는 기존과 동일하게 지원됩니다. 국내 휴장일 시에는 불가합니다.  ※ 상해A(후강퉁)와 심천A(선강퉁) 거래의 경우 거래 제도상 중국 현지는 정상거래이나, 후강퉁 매매는 불가할 수도 있습니다.  ※ 기타 문의 사항은 GBK부(02-3771-9446)로 연락 주시기 바랍니다.
		
		
",2019/04/08 10:22,http://m.iprovest.com//weblogic/GlstockServlet/noticeView?sno=52586&pageNum=3&shColum=title&shKeyword=&rnum=30&menuUrl=
미국 증시 거래시간 변경(섬머타임 시작),"


제목없음



BODY {
	FONT-SIZE: 10pt; FONT-FAMILY: 굴림; MARGIN: 0px
}
P {
	MARGIN-BOTTOM: 0px; MARGIN-TOP: 0px; LINE-HEIGHT: 1.2
}
LI {
	MARGIN-BOTTOM: 0px; MARGIN-TOP: 0px; LINE-HEIGHT: 1.2
}

  



BODY {
	FONT-SIZE: 10pt; FONT-FAMILY: 굴림; MARGIN: 0px
}
P {
	MARGIN-BOTTOM: 0px; MARGIN-TOP: 0px; LINE-HEIGHT: 1.2
}
LI {
	MARGIN-BOTTOM: 0px; MARGIN-TOP: 0px; LINE-HEIGHT: 1.2
}

항상 교보증권을 이용해 주시는 고객님께 감사드립니다. 

 

미국 섬머타임이 미국 동부시간 기준 3월 10일(일) 시작됩니다. 
따라서 국내시간 기준 3월 11일(월) 부터 미국 거래소 정규장이 
기존 23:30분에서 22:30분으로 변경되오니 착오 없으시길 바랍니다. 

 


- 2019년 3월 11일(월) 부터 미국 증시 거래시간 변경 
- 기존 : 23:30 ~ 06:00 
- 변경 : 22:30 ~ 05:00 

 

 


※ 기타 문의 사항은 GBK부(02-3771-9446)로 연락 주시기 바랍니다.



",2019/03/06 23:27,http://m.iprovest.com//weblogic/GlstockServlet/noticeView?sno=52352&pageNum=4&shColum=title&shKeyword=&rnum=31&menuUrl=
2019년 3월 해외주식 휴장일 안내,"
		항상 교보증권을 이용해 주시는 고객님께 감사드립니다.  아래와 같이 2019년 3월 해외 증시 휴장일을 안내해드리오니 거래 시 참고하여 주시기 바랍니다.  <미국> - 없음  <홍콩> - 없음  <중국(후강통/선강통)> - 없음  휴장일만큼 결제일이 지연되오니 참고하시기 바랍니다.  ※ 해외 휴장일에는 주문만 불가하고, 환전, 계좌개설, 실시간 시세 사용신청 등의 업무는 기존과 동일하게 지원됩니다. 국내 휴장일 시에는 불가합니다.  ※ 상해A(후강퉁)와 심천A(선강퉁) 거래의 경우 거래 제도상 중국 현지는 정상거래이나, 후강퉁 매매는 불가할 수도 있습니다.  ※ 기타 문의 사항은 GBK부(02-3771-9446)로 연락 주시기 바랍니다.
		
		
",2019/02/27 23:05,http://m.iprovest.com//weblogic/GlstockServlet/noticeView?sno=52314&pageNum=4&shColum=title&shKeyword=&rnum=32&menuUrl=
2019년 2월 해외주식 휴장일 안내,"
		항상 교보증권을 이용해 주시는 고객님께 감사드립니다.  아래와 같이 2019년 2월 해외 증시 휴장일을 안내해드리오니 거래 시 참고하여 주시기 바랍니다.  <미국> - 2/18 (월) : Washington''s Birthday   <홍콩> - 2/5 (화) ~ 2/7 (목) Luna New Year  <중국(후강통/선강통)> - 2/4 (월) ~ 2/8 (금) : Luna New Year   휴장일만큼 결제일이 지연되오니 참고하시기 바랍니다.  ※ 해외 휴장일에는 주문만 불가하고, 환전, 계좌개설, 실시간 시세 사용신청 등의 업무는 기존과 동일하게 지원됩니다. 국내 휴장일 시에는 불가합니다.  ※ 상해A(후강퉁)와 심천A(선강퉁) 거래의 경우 거래 제도상 중국 현지는 정상거래이나, 후강퉁 매매는 불가할 수도 있습니다.  ※ 기타 문의 사항은 GBK부(02-3771-9446)로 연락 주시기 바랍니다.
		
		
",2019/01/30 01:41,http://m.iprovest.com//weblogic/GlstockServlet/noticeView?sno=52124&pageNum=4&shColum=title&shKeyword=&rnum=33&menuUrl=
2019년 1월 해외주식 휴장일 안내,"
		항상 교보증권을 이용해 주시는 고객님께 감사드립니다.  아래와 같이 2019년 1월 해외 증시 휴장일을 안내해드리오니 거래 시 참고하여 주시기 바랍니다.  <미국> - 1/1 (화) : New Year''s Day - 1/21 (월) : Martin Luther King, Jr. Day   <홍콩> - 1/1 (화) New Year''s Day   <중국(후강통/선강통)> - 1/1 (화) New Year''s Day   휴장일만큼 결제일이 지연되오니 참고하시기 바랍니다.  ※ 해외 휴장일에는 주문만 불가하고, 환전, 계좌개설, 실시간 시세 사용신청 등의 업무는 기존과 동일하게 지원됩니다. 국내 휴장일 시에는 불가합니다.  ※ 상해A(후강퉁)와 심천A(선강퉁) 거래의 경우 거래 제도상 중국 현지는 정상거래이나, 후강퉁 매매는 불가할 수도 있습니다.  ※ 기타 문의 사항은 GBK부(02-3771-9446)로 연락 주시기 바랍니다.
		
		
",2019/01/03 00:41,http://m.iprovest.com//weblogic/GlstockServlet/noticeView?sno=52009&pageNum=4&shColum=title&shKeyword=&rnum=34&menuUrl=
2018년 12월 해외주식 휴장일 안내,"
		항상 교보증권을 이용해 주시는 고객님께 감사드립니다.  아래와 같이 2018년 12월 해외 증시 휴장일을 안내해드리오니 거래 시 참고하여 주시기 바랍니다.  <홍콩>- 12/25 (화) Christmas - 12/26 (수) The first weekday after Christmas Day <중국(후강통,선강통)> - 12/24 (월) 다음 거래일 홍콩 휴장으로 인해 중국 시장 매매 불가  - 12/25 (화) 홍콩 휴장으로 중국 시장 매매 불가  - 12/26 (수) 홍콩 휴장으로 중국 시장 매매 불가  <미국>- 12/5 (수) 국가 애도의 날(National Day Of Mourning):조지 H.W. 부시 전 대통령의 장례식으로 인한 미국 휴장 - 12/25 (화) Christmas    휴장일만큼 결제일이 지연되오니 참고하시기 바랍니다.  ※ 해외 휴장일에는 주문만 불가하고, 환전, 계좌개설, 실시간 시세 사용신청 등의 업무는 기존과 동일하게 지원됩니다. 국내 휴장일 시에는 불가합니다.  ※ 상해A(후강퉁)와 심천A(선강퉁) 거래의 경우 거래 제도상 중국 현지는 정상거래이나, 후강퉁 매매는 불가할 수도 있습니다.  ※ 기타 문의 사항은 GBK부(02-3771-9446)로 연락 주시기 바랍니다.
		
		
",2018/12/01 02:27,http://m.iprovest.com//weblogic/GlstockServlet/noticeView?sno=51877&pageNum=4&shColum=title&shKeyword=&rnum=35&menuUrl=
2018년 11월 해외주식 휴장일 안내,"
		항상 교보증권을 이용해 주시는 고객님께 감사드립니다.  아래와 같이 11월 해외 증시 휴장일을 안내해드리오니 거래 시 참고하여 주시기 바랍니다.   <미국> - 11/12 (월): Veteran’s Day (재향군인의 날)로 인한 결제일 변경 * 미국 주식 시장 정상거래  - 11/22 (목) : Thanksgiving Day (추수감사절) * 미국 주식 시장 휴장  - 11/23 (금) : Thanksgiving Day (추수감사절) * 미국 주식 시장 조기 폐장 (23:30 ~ 03:00 우리나라 시간 기준)   <홍콩> 없음.   <후강퉁(상해A)> 없음.    ※ 휴장일만큼 결제일이 지연되오니 참고하시기 바랍니다.  ※ 기타 문의 사항은 GBK부(02-3771-9446)로 연락 주시기 바랍니다.
		
		
",2018/11/02 16:18,http://m.iprovest.com//weblogic/GlstockServlet/noticeView?sno=51760&pageNum=4&shColum=title&shKeyword=&rnum=36&menuUrl=
이벤트 종료 안내 “교보증권과 함께 해외 ETF 여행”,"


제목없음



BODY {
	FONT-SIZE: 10pt; FONT-FAMILY: 굴림; MARGIN: 0px
}
P {
	MARGIN-BOTTOM: 0px; MARGIN-TOP: 0px; LINE-HEIGHT: 1.2
}
LI {
	MARGIN-BOTTOM: 0px; MARGIN-TOP: 0px; LINE-HEIGHT: 1.2
}




그동안 시행해오던 “교보증권과 함께 해외 ETF 여행” 이벤트 종료를 안내 드립니다.이벤트에 참여해주신 모든 고객님들께 감사드립니다.

 

 

1. 경품 이벤트 
- 이벤트 당첨자 발표는 개별통지

 

 

2. 매매 수수료 이벤트 종료- 이벤트 기간 중 이벤트 수수료 적용 계좌는 11월 1일부터 당사 기본 온라인 수수료 적용
- 온라인 수수료 : 미국 0.3%, 홍콩 0.3%, 중국 0.3% (제비용 별도, 최소수수료 적용)

 

 

※ 기타 문의 사항은 GBK부(02-3771-9446)로 연락 주시기 바랍니다.



",2018/11/01 09:17,http://m.iprovest.com//weblogic/GlstockServlet/noticeView?sno=51750&pageNum=4&shColum=title&shKeyword=&rnum=37&menuUrl=
미국 증시 거래시간 변경(섬머타임 종료),"


제목없음



BODY {
	FONT-SIZE: 10pt; FONT-FAMILY: 굴림; MARGIN: 0px
}
P {
	MARGIN-BOTTOM: 0px; MARGIN-TOP: 0px; LINE-HEIGHT: 1.2
}
LI {
	MARGIN-BOTTOM: 0px; MARGIN-TOP: 0px; LINE-HEIGHT: 1.2
}



항상 교보증권을 이용해 주시는 고객님께 감사드립니다. 

미국 섬머타임이 미국 동부시간 기준 11월 4일(일) 02:00시 부로 종료됩니다. 
따라서 국내시간 기준 11월 5일(월) 부터 미국 거래소 정규장이 
기존 22:30분에서 23:30분으로 변경되오니 착오 없으시길 바랍니다. 


- 2018년 11월 5일 부터 미국 증시 거래시간 변경 
- 기존 : 22:30 ~ 05:00 
- 변경 : 23:30 ~ 06:00 
※ 기타 문의 사항은 해외주식부(02-3771-9446)로 연락 주시기 바랍니다.



",2018/10/25 15:17,http://m.iprovest.com//weblogic/GlstockServlet/noticeView?sno=51703&pageNum=4&shColum=title&shKeyword=&rnum=38&menuUrl=
[글로벌 ETF 종합 뉴스/리서치] 서비스 오픈 안내,"


제목없음



BODY {
	FONT-SIZE: 10pt; FONT-FAMILY: 굴림; MARGIN: 0px
}
P {
	MARGIN-BOTTOM: 0px; MARGIN-TOP: 0px; LINE-HEIGHT: 1.2
}
LI {
	MARGIN-BOTTOM: 0px; MARGIN-TOP: 0px; LINE-HEIGHT: 1.2
}

  



BODY {
	FONT-SIZE: 10pt; FONT-FAMILY: 굴림; MARGIN: 0px
}
P {
	MARGIN-BOTTOM: 0px; MARGIN-TOP: 0px; LINE-HEIGHT: 1.2
}
LI {
	MARGIN-BOTTOM: 0px; MARGIN-TOP: 0px; LINE-HEIGHT: 1.2
}

항상 교보증권을 이용해 주시는 고객님께 감사드립니다. 

 

아래와 같이 글로벌 ETF 종합 뉴스/리서치 서비스 개시 안내를 드리오니 참고 하시기 바랍니다.

 

 
 
- 아    래 - 
 
 
 
기존 미국 및 중국 주식 종합 뉴스/리서치 서비스에 이어 ETF 관련한 뉴스와 특화된 리서치를  제공 하오니 많은 관심 부탁 드립니다. 
 
 

1. 서비스 오픈 일시 : 2018년 10월 23일

 

2. HTS 화면번호 : [1382] 글로벌ETF종합뉴스/리서치

  

   - [1380] 중국주식종합뉴스/리서치

 

   - [1381] 미국주식종합뉴스/리서치

 

3. MTS 화면 : 교보증권 SMART K 해외주식 어플에서 리서치 열람 가능

 

4. 기타 : 관련 문의사항은 GBK부 해외주식 데스크 전화번호(02-3771-9446)로 연락 주시기 바랍니다. 
 

 

감사합니다.



",2018/10/23 10:06,http://m.iprovest.com//weblogic/GlstockServlet/noticeView?sno=51667&pageNum=4&shColum=title&shKeyword=&rnum=39&menuUrl=
2018년 10월 해외증시 휴장안내,"
		항상 교보증권을 이용해 주시는 고객님께 감사드립니다.  아래와 같이 2018년 10월 해외 증시 휴장일을 안내해드리오니 거래 시 참고하여 주시기 바랍니다.   <홍콩> - 10/1 (월) National Day - 10/17 (수) Chung Yeung Festival  <중국(후강통,선강통)> - 10/1 (월) ~ 10/5 (금) National Day - 10/16 (화) 홍콩휴장일 전날로 인한 휴장 - 10/17 (수) 홍콩 Chung Yeung Festival로 인한 휴장    <미국> - 없음     휴장일만큼 결제일이 지연되오니 참고하시기 바랍니다.  ※ 해외 휴장일에는 주문만 불가하고, 환전, 계좌개설, 실시간 시세 사용신청 등의 업무는 기존과 동일하게 지원됩니다. 국내 휴장일 시에는 불가합니다.  ※ 상해A(후강퉁)와 심천A(선강퉁) 거래의 경우 거래 제도상 중국 현지는 정상거래이나, 후강퉁 매매는 불가할 수도 있습니다.  ※ 기타 문의 사항은 GBK부(02-3771-9446)로 연락 주시기 바랍니다.
		
		
",2018/10/01 21:58,http://m.iprovest.com//weblogic/GlstockServlet/noticeView?sno=51592&pageNum=4&shColum=title&shKeyword=&rnum=40&menuUrl=
2018년 9월 해외증시 휴장안내,"
		항상 교보증권을 이용해 주시는 고객님께 감사드립니다.  아래와 같이 2018년 9월 해외 증시 휴장일을 안내해드리오니 거래 시 참고하여 주시기 바랍니다.   <홍콩> - 9/25 (화) The day following the Chinese Mid-Autumn Festival  <중국(후강통,선강통)> - 9/21 (금) Mid-Autumn Festival 전날 - 9/24 (월) Mid-Autumn Festival - 9/25 (화) The day following the Chinese Mid-Autumn Festival  <미국> - 9/3 (월) Labor Day     휴장일만큼 결제일이 지연되오니 참고하시기 바랍니다.  ※ 해외 휴장일에는 주문만 불가하고, 환전, 계좌개설, 실시간 시세 사용신청 등의 업무는 기존과 동일하게 지원됩니다. 국내 휴장일 시에는 불가합니다.  ※ 상해A(후강퉁)와 심천A(선강퉁) 거래의 경우 거래 제도상 중국 현지는 정상거래이나, 후강퉁 매매는 불가할 수도 있습니다.  ※ 기타 문의 사항은 GBK부(02-3771-9446)로 연락 주시기 바랍니다.
		
		
",2018/08/31 15:50,http://m.iprovest.com//weblogic/GlstockServlet/noticeView?sno=51428&pageNum=5&shColum=title&shKeyword=&rnum=41&menuUrl=
중국 상해거래소 장 마감 동시호가 시행 안내,"
		항상 교보증권을 이용해 주시는 고객님께 감사드립니다. 8월 20일부터 중국 상해거래소의 장 마감 동시호가 제도가 시행됨에 따라 상해거래소의 운영시간 및 방식이 아래와 같이 변경되오니 거래 시 참고하여 주시기 바랍니다.   - 장 마감 동시호가 운영 시간 : 15:57 PM ~ 16:00 PM (한국시간 기준) - 장 마감 동시호가 운영 시간에 접수된 주문은 취소 불가.   ※ 기타 문의 사항은 GBK부(02-3771-9446)로 연락 주시기 바랍니다.
		
		
",2018/08/20 16:48,http://m.iprovest.com//weblogic/GlstockServlet/noticeView?sno=51366&pageNum=5&shColum=title&shKeyword=&rnum=42&menuUrl=
2018년 8월 해외증시 휴장안내,"
		항상 교보증권을 이용해 주시는 고객님께 감사드립니다.  아래와 같이 2018년 8월 해외 증시 휴장일을 안내해드리오니 거래 시 참고하여 주시기 바랍니다.   <미국> - 휴장일 없음   <홍콩> - 휴장일 없음  <중국(후강통,선강통)> - 휴장일 없음   ※ 휴장일만큼 결제일이 지연되오니 참고하시기 바랍니다.  ※ 해외 휴장일에는 주문만 불가하고, 환전, 계좌개설, 실시간 시세 사용신청 등의 업무는 기존과 동일하게 지원됩니다. 국내 휴장일 시에는 불가합니다.  ※ 상해A(후강퉁)와 심천A(선강퉁) 거래의 경우 거래 제도상 중국 현지는 정상거래이나, 후강퉁 매매는 불가할 수도 있습니다.  ※ 기타 문의 사항은 GBK부(02-3771-9446)로 연락 주시기 바랍니다.
		
		
",2018/08/01 23:06,http://m.iprovest.com//weblogic/GlstockServlet/noticeView?sno=51274&pageNum=5&shColum=title&shKeyword=&rnum=43&menuUrl=
[교보증권/미중 무역전쟁 발발 이후 통상시장 전망에 대한 세미나 개최],"


제목없음



BODY {
	FONT-SIZE: 10pt; FONT-FAMILY: 굴림; MARGIN: 0px
}
P {
	MARGIN-BOTTOM: 0px; MARGIN-TOP: 0px; LINE-HEIGHT: 1.2
}
LI {
	MARGIN-BOTTOM: 0px; MARGIN-TOP: 0px; LINE-HEIGHT: 1.2
}

  



BODY {
	FONT-SIZE: 10pt; FONT-FAMILY: 굴림; MARGIN: 0px
}
P {
	MARGIN-BOTTOM: 0px; MARGIN-TOP: 0px; LINE-HEIGHT: 1.2
}
LI {
	MARGIN-BOTTOM: 0px; MARGIN-TOP: 0px; LINE-HEIGHT: 1.2
}
[교보증권/미중 무역전쟁 발발 이후 통상시장 전망에 대한 세미나 개최]
  
강사 : 김종훈(前 국회의원, 前 한미 FTA 통상교섭 한국측 수석대표)
일시 : 2018년 7월 17일(화) 17:00~18:00
대상 : 국제시황을 통한 투자에 관심이 있는 모든 투자자
장소 : 여의도 교보증권 본사 19층 비전홀
  
※ 신청방법 : 교보증권 국제선물부(02-3771-9091)/GBK부(02-3771-9446)로 유선 신청 및 현장 선착순 방문
 
 


<h4>첨부파일</h4>
seminar2.jpg

",2018/07/12 13:43,http://m.iprovest.com//weblogic/GlstockServlet/noticeView?sno=51175&pageNum=5&shColum=title&shKeyword=&rnum=44&menuUrl=
2018년 7월 해외증시 휴장안내,"
		항상 교보증권을 이용해 주시는 고객님께 감사드립니다.  아래와 같이 2018년 7월 해외 증시 휴장일을 안내해드리오니 거래 시 참고하여 주시기 바랍니다.   <홍콩> - 7/2 (월) HK sar Establishmet Day  <중국(후강통,선강통)> - 7/2 (월) 홍콩휴장일로인한 휴장일  <미국> - 7/4 (수) Independence Day 인디펜던스 데이     휴장일만큼 결제일이 지연되오니 참고하시기 바랍니다.  ※ 해외 휴장일에는 주문만 불가하고, 환전, 계좌개설, 실시간 시세 사용신청 등의 업무는 기존과 동일하게 지원됩니다. 국내 휴장일 시에는 불가합니다.  ※ 상해A(후강퉁)와 심천A(선강퉁) 거래의 경우 거래 제도상 중국 현지는 정상거래이나, 후강퉁 매매는 불가할 수도 있습니다.  ※ 기타 문의 사항은 GBK부(02-3771-9446)로 연락 주시기 바랍니다.
		
		
",2018/06/27 10:16,http://m.iprovest.com//weblogic/GlstockServlet/noticeView?sno=51098&pageNum=5&shColum=title&shKeyword=&rnum=45&menuUrl=
2018년 6월 해외증시 휴장안내,"
		항상 교보증권을 이용해 주시는 고객님께 감사드립니다.  아래와 같이 2018년 6월 해외 증시 휴장일을 안내해드리오니 거래 시 참고하여 주시기 바랍니다.   <미국> - 휴장일 없음  <홍콩> - 6/18 (월) Tuen Ng Festival   <중국(후강통,선강통)> - 6/18 (월) Dragon Boat Festival - 6/29 (금) Independence Day (홍콩 익일 휴장으로 인해 매매 불가)  ※ 휴장일만큼 결제일이 지연되오니 참고하시기 바랍니다.  ※ 해외 휴장일에는 주문만 불가하고, 환전, 계좌개설, 실시간 시세 사용신청 등의 업무는 기존과 동일하게 지원됩니다. 국내 휴장일 시에는 불가합니다.  ※ 상해A(후강퉁)와 심천A(선강퉁) 거래의 경우 거래 제도상 중국 현지는 정상거래이나, 후강퉁 매매는 불가할 수도 있습니다.  ※ 기타 문의 사항은 GBK부(02-3771-9446)로 연락 주시기 바랍니다.
		
		
",2018/06/01 22:45,http://m.iprovest.com//weblogic/GlstockServlet/noticeView?sno=50955&pageNum=5&shColum=title&shKeyword=&rnum=46&menuUrl=
미국뉴스 / 종목 리서치 안내,"
		항상 교보증권을 이용해 주시는 고객님께 감사드립니다.  아래와 같이 미국 종합 뉴스/종목 리서치 서비스 실시 안내를 드리오니 참고 하시기 바랍니다.                                       - 다    음 -  미국 종합뉴스/종목 리서치 서비스의 개선으로, 보다 양질의 서비스를 고객님들께 제공해 드리고자 합니다.  ▷시     작 : 2018년 5월 18일 이후  ▷관련 화면 :   ①화면번호[1310] 해외주식 주문 → 미국종목 검색 → 가운데 상단 리서치,분석   ②화면번호[1381] 미국주식종합뉴스/리서치    ※참고 : 화면번호[1380] 중국주식종합뉴스/리서치    - 해외주식과 관련된 문의사항은 해외데스크로 연락부탁드리겠습니다.  - 해외주식 데스크 전화번호 : 02-3771-9400   감사합니다.

",2018/05/18 08:31,http://m.iprovest.com//weblogic/GlstockServlet/noticeView?sno=50899&pageNum=5&shColum=title&shKeyword=&rnum=47&menuUrl=
미국의 우크라이나/러시아 제재(SANCTION)조치 관련 안내,"
		안녕하십니까, 항상 저희 교보증권을 이용해 주시는 고객 여러분께 감사의 말씀을 드립니다.  미국의 해외자산통제국(Department of Treasury＇s Office of Foreign Assets Control: OFAC)은 2018년 4월 6일에 미국의 우크라이나/러시아 SANCTION 조치와 관련하여 특별지정국민(Specially Designated Nationals: SDNs)에 해당하는 추가 단체(Entity)를 지정했습니다. 따라서 미국 entity(미국인, 미국금융기관 등)는 관련 단체(Entity)와 거래를 할 수 없고 그러한 SDNs의 재산과 재산에 대한 이익을 동결해야 합니다. 일부 SDN Entity는 금융시장에서 거래되는 증권을 발행했습니다.  이에 따라 외국보관기관(Citibank)은 미국정부의 조치를 이행하기 위하여 관련종목의 결제 및 Corporate Action을 처리할 수 없음을 예탁결제원에 통지하였습니다. 다만, 2018년 5월 7일 이전까지는 예탁결제원에서 전송한 결제지시가 SANCTION 적용대상인지 건 별로 확인하여 외국보관기관의 Compliance 규정에 따라 이상이 없다고 판단될 경우에만 마켓으로 release할 수 있으므로 결제지연 또는 결제실패의 가능성이 존재합니다. (* 5/7부터는 어떠한 경우에도 결제지시 접수 불가)  매매거래 시 상기 사항을 유의하시기 바랍니다. 동 이슈는 외국보관기관과 지속적으로 모니터링 하여 업데이트해드리겠습니다.
		
		
",2018/04/30 14:18,http://m.iprovest.com//weblogic/GlstockServlet/noticeView?sno=50814&pageNum=5&shColum=title&shKeyword=&rnum=48&menuUrl=
2018년 5월 해외증시 휴장안내,"
		항상 교보증권을 이용해 주시는 고객님께 감사드립니다.  아래와 같이 2018년 5월 해외 증시 휴장일을 안내해드리오니 거래 시 참고하여 주시기 바랍니다.   <미국> - 5/28 (월) Memorial Day 메모리얼 데이   <홍콩> - 5/1 (화) Labor Day 노동절 - 5/22 (화) Buddah’s Birthday 석가탄신일   <중국(후강통,선강통)> - 5/1 (화) Labor Day 노동절 - 5/21~22 (월~화) 홍콩 거래소 석가탄신일 및 전일로 인한 휴장 (현지 거래소 정상 거래)   ※ 휴장일만큼 결제일이 지연되오니 참고하시기 바랍니다.  ※ 해외 휴장일에는 주문만 불가하고, 환전, 계좌개설, 실시간 시세 사용신청 등의 업무는 기존과 동일하게 지원됩니다. 국내 휴장일 시에는 불가합니다.  ※ 상해A(후강퉁)와 심천A(선강퉁) 거래의 경우 거래 제도상 중국 현지는 정상거래이나, 후강퉁 매매는 불가할 수도 있습니다.  ※ 기타 문의 사항은 GBK부(02-3771-9446)로 연락 주시기 바랍니다.
		
		
",2018/04/30 08:01,http://m.iprovest.com//weblogic/GlstockServlet/noticeView?sno=50806&pageNum=5&shColum=title&shKeyword=&rnum=49&menuUrl=
2018년 4월 해외증시 휴장안내,"
		항상 교보증권을 이용해 주시는 고객님께 감사드립니다.  아래와 같이 2018년 4월 해외 증시 휴장일을 안내해드리오니 거래 시 참고하여 주시기 바랍니다.   <미국> - 없음  <홍콩> - 4/2 (월)  : Easter Monday- 4/5 (목)  : Ching Ming Festival  <중국(후강통,선강통)> - 4/2 (월)  : 홍콩 Easter Monday로 인한 휴장- 4/5 (목)  : Ching Ming Festival- 4/6 (금)  : Ching Ming Festival- 4/30 (월) : Labour Day    ※ 휴장일만큼 결제일이 지연되오니 참고하시기 바랍니다.  ※ 해외 휴장일에는 주문만 불가하고, 환전, 계좌개설, 실시간 시세 사용신청 등의 업무는 기존과 동일하게 지원됩니다. 국내 휴장일 시에는 불가합니다.  ※ 상해A(후강퉁)와 심천A(선강퉁) 거래의 경우 거래 제도상 중국 현지는 정상거래이나, 후강퉁 매매는 불가할 수도 있습니다.  ※ 기타 문의 사항은 해외주식부(02-3771-9446)로 연락 주시기 바랍니다.
		
		
",2018/03/30 10:43,http://m.iprovest.com//weblogic/GlstockServlet/noticeView?sno=50676&pageNum=5&shColum=title&shKeyword=&rnum=50&menuUrl=
[중요] 미국 및 유럽 섬머타임 시작 공지 ,"
		안녕하세요. 항상 교보증권 해외주식을 이용해 주셔서 감사드립니다. 미국/유럽 시장 섬머타임(Summer Time)시작에 따른 거래시간변경 안내 드리오니  참고 부탁드립니다.   ※섬머타임 시작(Summer Time / Daylight Savings Time) - 미국 : 2018년 3월11일 일요일 기준  ※한국시간 기준 거래시간 변경  - 미국시장 거래 : 22:30 ~ 익일 05:00    썸머타임 기간동안은 해당 국가의 시장운영이 한국시간으로 1시간씩 당겨 집니다. 참고 부탁드립니다.  감사합니다.
		
		
",2018/03/08 07:51,http://m.iprovest.com//weblogic/GlstockServlet/noticeView?sno=50578&pageNum=6&shColum=title&shKeyword=&rnum=51&menuUrl=
2018년 3월 해외증시 휴장안내,"
		항상 교보증권을 이용해 주시는 고객님께 감사드립니다.  아래와 같이 2018년 3월 해외 증시 휴장일을 안내해드리오니 거래 시 참고하여 주시기 바랍니다.   <미국> - 3/30 (금) : Good Friday   <홍콩> - 3/30 (금) : Good Friday   <중국(후강통,선강통)> - 3/29 (목) ~ 3/30 (금) 홍콩 Good Friday 로 인한 휴장     ※ 휴장일만큼 결제일이 지연되오니 참고하시기 바랍니다.  ※ 해외 휴장일에는 주문만 불가하고, 환전, 계좌개설, 실시간 시세 사용신청 등의 업무는 기존과 동일하게 지원됩니다. 국내 휴장일 시에는 불가합니다.  ※ 상해A(후강퉁)와 심천A(선강퉁) 거래의 경우 거래 제도상 중국 현지는 정상거래이나, 후강퉁 매매는 불가할 수도 있습니다.  ※ 기타 문의 사항은 해외주식부(02-3771-9446)로 연락 주시기 바랍니다.
		
		
",2018/03/01 14:21,http://m.iprovest.com//weblogic/GlstockServlet/noticeView?sno=50528&pageNum=6&shColum=title&shKeyword=&rnum=52&menuUrl=
미국 주식 종합 뉴스 / 리서치 서비스 중단 안내,"


제목없음



BODY {
	FONT-SIZE: 10pt; FONT-FAMILY: 굴림; MARGIN: 0px
}
P {
	MARGIN-BOTTOM: 0px; MARGIN-TOP: 0px; LINE-HEIGHT: 1.2
}
LI {
	MARGIN-BOTTOM: 0px; MARGIN-TOP: 0px; LINE-HEIGHT: 1.2
}



항상 교보증권을 이용해 주시는 고객님께 감사드립니다. 

 

아래와 같이 미국 주식 종합 뉴스/리서치 서비스 중단 안내를 드리오니 참고 하시기 바랍니다.

 

 
 
- 아    래 - 
 
 
 
기존 미국 주식 종합 뉴스/리서치 서비스 업체와의 계약 종료로 미국 주식 종합 뉴스/리서치 서비스를 잠시 중단 하오니 양해 부탁 드립니다. 
 
 

 - 중단 일시 : 3월 1일 부터

 

 - 미국 주식과 관련한 시황과 종목 정보 및 뉴스가 궁금하신 분들은 데스크로 연락을 주시기 바랍니다.

 

 - 해외주식 데스크 전화번호 : 02-3771-9446

 

 

감사합니다.



",2018/02/28 09:40,http://m.iprovest.com//weblogic/GlstockServlet/noticeView?sno=50524&pageNum=6&shColum=title&shKeyword=&rnum=53&menuUrl=
2018년 2월 해외증시 휴장안내,"
		항상 교보증권을 이용해 주시는 고객님께 감사드립니다.  아래와 같이 2018년 2월 해외 증시 휴장일을 안내해드리오니 거래 시 참고하여 주시기 바랍니다.   <미국> - 2/19 (월) : President''s Day   <홍콩> - 2/16 (금) : Lunar New Year- 2/19 (월) : The fourth day of Lunar New Year    <중국(후강통,선강통)> - 2/15 (목) ~ 2/21 (수) Spring Festival  ※ 휴장일만큼 결제일이 지연되오니 참고하시기 바랍니다.  ※ 해외 휴장일에는 주문만 불가하고, 환전, 계좌개설, 실시간 시세 사용신청 등의 업무는 기존과 동일하게 지원됩니다. 국내 휴장일 시에는 불가합니다.  ※ 상해A(후강퉁)와 심천A(선강퉁) 거래의 경우 거래 제도상 중국 현지는 정상거래이나, 후강퉁 매매는 불가할 수도 있습니다.  ※ 기타 문의 사항은 해외주식부(02-3771-9446)로 연락 주시기 바랍니다.
		
		
",2018/01/30 16:31,http://m.iprovest.com//weblogic/GlstockServlet/noticeView?sno=50419&pageNum=6&shColum=title&shKeyword=&rnum=54&menuUrl=
2018년 1월 해외증시 휴장안내,"
		항상 교보증권을 이용해 주시는 고객님께 감사드립니다.  아래와 같이 2018년 1월 해외 증시 휴장일을 안내해드리오니 거래 시 참고하여 주시기 바랍니다.   <미국> - 1/1 (월) : New Year''s Day- 1/15 (월) : Martin Luther King Day  <홍콩> - 1/1 (월) New Year''s Day   <중국(후강통/선강통)> - 1/1 (월) New Year''s Day   ※ 휴장일만큼 결제일이 지연되오니 참고하시기 바랍니다.  ※ 해외 휴장일에는 주문만 불가하고, 환전, 계좌개설, 실시간 시세 사용신청 등의 업무는 기존과 동일하게 지원됩니다. 국내 휴장일 시에는 불가합니다.  ※ 상해A(후강퉁)와 심천A(선강퉁) 거래의 경우 거래 제도상 중국 현지는 정상거래이나, 후강퉁 매매는 불가할 수도 있습니다.  ※ 기타 문의 사항은 해외주식부(02-3771-9446)로 연락 주시기 바랍니다.
		
		
",2018/01/04 15:38,http://m.iprovest.com//weblogic/GlstockServlet/noticeView?sno=50317&pageNum=6&shColum=title&shKeyword=&rnum=55&menuUrl=
[오류_수정완료] 미국 리서치 화면,"
		안녕하세요. 항상 교보증권 해외주식을 이용해주셔서 감사합니다. 미국 해외주식의 리서치화면이 표시되지 않는 오류가 있습니다.현재 내용을 확인하여 조치 완료단계에 있습니다.빠른시간에 정상적으로 이용하실 수 있도록 하겠습니다. 감사합니다.  ※완료일 : 2017.12.08(금) 예정.
		
		
",2017/12/05 17:11,http://m.iprovest.com//weblogic/GlstockServlet/noticeView?sno=50168&pageNum=6&shColum=title&shKeyword=&rnum=56&menuUrl=
2017년 12월 해외증시 휴장안내,"
		항상 교보증권을 이용해 주시는 고객님께 감사드립니다.  아래와 같이 2017년 12월 해외 증시 휴장일을 안내해드리오니 거래 시 참고하여 주시기 바랍니다.   <미국>  - 12/25 (월) 크리스마스  <홍콩>  - 12/25 (월) 크리스마스 - 12/26 (화) Boxing Day  <중국(후강통,선강통)>  - 12/22 (금) 다음 거래일 홍콩 휴장으로 인해 중국 시장 매매 불가 - 12/25 (월) 홍콩 휴장으로 중국 시장 매매 불가 - 12/26 (화) 홍콩 휴장으로 중국 시장 매매 불가  ※ 휴장일만큼 결제일이 지연되오니 참고하시기 바랍니다.  ※ 해외 휴장일에는 주문만 불가하고, 환전, 계좌개설, 실시간 시세 사용신청 등의 업무는 기존과 동일하게 지원됩니다. 국내 휴장일 시에는 불가합니다.  ※ 상해A(후강퉁)와 심천A(선강퉁) 거래의 경우 거래 제도상 중국 현지는 정상거래이나, 후강퉁 매매는 불가할 수도 있습니다.  ※ 기타 문의 사항은 해외주식부(02-3771-9446)로 연락 주시기 바랍니다.
		
		
",2017/11/30 13:06,http://m.iprovest.com//weblogic/GlstockServlet/noticeView?sno=50142&pageNum=6&shColum=title&shKeyword=&rnum=57&menuUrl=
2017년 11월 해외증시 휴장안내,"
		항상 교보증권을 이용해 주시는 고객님께 감사드립니다.  아래와 같이 11월 해외 증시 휴장일을 안내해드리오니 거래 시 참고하여 주시기 바랍니다.   <미국> - 11/10 (금): Veteran’s Day (재향군인의 날)로 인한 결제일 변경 * 미국 주식 시장 정상거래  - 11/23 (목) : Thanksgiving Day (추수감사절) * 미국 주식 시장 휴장  - 11/24 (금) : Thanksgiving Day (추수감사절) * 미국 주식 시장 조기 폐장 (23:30 ~ 03:00 우리나라 시간 기준) <홍콩> 없음.   <후강퉁(상해A)> 없음.    ※ 휴장일만큼 결제일이 지연되오니 참고하시기 바랍니다.  ※ 기타 문의 사항은 해외주식부(02-3771-9446)로 연락 주시기 바랍니다.
		
		
",2017/10/31 19:03,http://m.iprovest.com//weblogic/GlstockServlet/noticeView?sno=50008&pageNum=6&shColum=title&shKeyword=&rnum=58&menuUrl=
미국 증시 거래시간 변경(섬머타임 종료),"
		항상 교보증권을 이용해 주시는 고객님께 감사드립니다.  미국 섬머타임이 미국 동부시간 기준 11월 5일 02:00시 부로 종료됩니다. 따라서 국내시간 기준 11월 6일 부로 미국 거래소 정규장이 기존 22:30분에서 23:30분으로 변경되오니 착오 없으시길 바랍니다.   - 2016년 11월 6일 부터 미국 증시 거래시간 변경 - 기존 : 22:30 ~ 05:00 - 변경 : 23:30 ~ 06:00   ※ 기타 문의 사항은 해외주식부(02-3771-9446)로 연락 주시기 바랍니다.
		
		
",2017/10/30 18:43,http://m.iprovest.com//weblogic/GlstockServlet/noticeView?sno=50005&pageNum=6&shColum=title&shKeyword=&rnum=59&menuUrl=
(11월2일)해외주식 온라인 세미나 안내,"
		교보증권 해외주식부에서국내 및 해외주식과 온라인 설명회 일정을 안내드리오니하단의 첨부파일을 참고 부탁드리겠습니다.  ▶세미나 안내 ①일시: 2017년 11월 02일 목요일 19:00~21:00(2시간) ②온라인 세미나 주소(URL) :  - 카카오TV 사이트 “만리장성스탁 온라인 교육설명회” 검색  - 또는, tv.kakao.com/channel/2934526 접속 ③대상 : 세미나 참여를 원하는 모든 고객 ③강사 : “만리장성스탁” 이재석 전문가 ④내용 : 미국(4차산업), 중국·홍콩(내수), 한국(반도체) 시장의 주도업종 및 투자전략 ⑤참여방법 : 컴퓨터 또는 스마트폰 참여가능  - 방법⓵ 세미나 시간에 맞춰 카카오TV 사이트 또는 스마트폰 어플에 “만리장성스탁 온라인 교육설명회” 검색 참여 - 방법⓶ 세미나 시간에 맞춰 인터넷 주소창에 “tv.kakao.com/channel/2934526” 입력 후 접속 - 방법⓸ 사전신청(유선)하시는 분에 한하여 당일 접속 가능한 주소가 적힌 문자발송 예정 ⑥문의 및 유선신청 : 02-3771-9400(해외주식부)
		
			<h4>첨부파일</h4>
해외주식 온라인세미나 안내.jpg

",2017/10/23 14:21,http://m.iprovest.com//weblogic/GlstockServlet/noticeView?sno=49960&pageNum=6&shColum=title&shKeyword=&rnum=60&menuUrl=
2017년 10월 해외 휴장일,"
		항상 교보증권을 이용해 주시는 고객님께 감사드립니다.  아래와 같이 2017년 10월 해외 증시 휴장일을 안내해드리오니 거래 시 참고하여 주시기 바랍니다.   <미국> - 없음.  <홍콩> - 10/2 (월) The day following the Chinese Mid-Autumn Festival 국경절, 중추절 - 10/5 (목) The day following the Chinese Mid-Autumn Festival 국경절, 중추절  <중국(후강통,선강통)> - 10/2 (월) ~ 10/6 (금) Tmid-Autumn Festival & National Day 국경절, 중추절   ※ 휴장일만큼 결제일이 지연되오니 참고하시기 바랍니다.  ※ 해외 휴장일에는 주문만 불가하고, 환전, 계좌개설, 실시간 시세 사용신청 등의 업무는 기존과 동일하게 지원됩니다. 국내 휴장일 시에는 불가합니다.  ※ 상해A(후강퉁)와 심천A(선강퉁) 거래의 경우 거래 제도상 중국 현지는 정상거래이나, 후강퉁 매매는 불가할 수도 있습니다.  ※ 기타 문의 사항은 해외주식부(02-3771-9446)로 연락 주시기 바랍니다.
		
		
",2017/09/28 10:37,http://m.iprovest.com//weblogic/GlstockServlet/noticeView?sno=49894&pageNum=7&shColum=title&shKeyword=&rnum=61&menuUrl=
해외ETP 매매 변경안내(수정),"
		안녕하세요.항상 교보증권을 이용해 주셔서 감사합니다.기존 거래중인 해외(미국, 홍콩, 중국 등)ETP 종목 매매와 관련하여 변경사항을 안내드립니다. 당사에서는 투자자보호를 위하여 해외ETP(ETF, ETN, ETC 등) 거래에 수반될 수 있는 다양한 위험을 안내드리오니, 위험고지를 반드시 확인하여 주시기 바랍니다.  또한, 해외ETP의 거래를 위해서는 해외ETP 거래약정 등록이 필요하며, 거래약정 등록완료 전까지는 해외ETP 종목의 신규거래가 불가능하오니 참고 부탁드립니다.   - 시행일 : 2017년 10월 20일- 29일 0시 이후 보유종목의 매도는 가능, 신규매수를 위해서는 해외ETP 거래약정 필수- 해외ETP 거래약정 등록 방법     ⓵ HTS(Provest K)접속 → 화면번호[0749] → 해외ETP 약정 및 해지    ⓶ 교보증권 홈페이지 → 해외ETP 약정등록/해지   ⓷ 9월26일부터 등록가능  [근거]- 자본시장과 금융투자업에 관한 법률 제46조의2 (적정성의 원칙 등)- 자본시장과 금융투자업에 관한 법률 시행령 제 52조의2 (적정성의 원칙)- 당사 투자권유준칙 제3-5조 (적정성 원칙 준수)   기타 문의사항은 고객지원센터(1544-0900) 또는 해외주식부(02-3771-9400)로 연락 부탁드립니다.
		
		
",2017/09/25 09:41,http://m.iprovest.com//weblogic/GlstockServlet/noticeView?sno=49881&pageNum=7&shColum=title&shKeyword=&rnum=62&menuUrl=
미국주식 결제일 변경안내,"


제목없음



BODY {
	FONT-SIZE: 10pt; FONT-FAMILY: 굴림; MARGIN: 0px
}
P {
	MARGIN-BOTTOM: 0px; MARGIN-TOP: 0px; LINE-HEIGHT: 1.2
}
LI {
	MARGIN-BOTTOM: 0px; MARGIN-TOP: 0px; LINE-HEIGHT: 1.2
}


안녕하십니까, 항상 저희 교보증권을 이용해 주시는 고객 여러분께 감사의 말씀을 드립니다. 미국증권거래위원회 공지에 따라 9월 5일 화요일 매매분부터 결제일이 T+4일에서 T+3일로 변경되오니 거래에 참고하시기 바랍니다. 
 







매매일

결제일



9월 1일

9월 8일



9월 5일

9월 8일



9월 6일

9월 11일



* 9월 4일 미국휴장




 



",2017/09/04 11:27,http://m.iprovest.com//weblogic/GlstockServlet/noticeView?sno=49833&pageNum=7&shColum=title&shKeyword=&rnum=63&menuUrl=
2017년 9월 해외 휴장일,"
		항상 교보증권을 이용해 주시는 고객님께 감사드립니다.  아래와 같이 2017년 9월 해외 증시 휴장일을 안내해드리오니 거래 시 참고하여 주시기 바랍니다.   <미국> - 9/4 (월) Labor Day 노동절   <홍콩> - 없음.  <중국(후강통,선강통)> - 없음.   ※ 휴장일만큼 결제일이 지연되오니 참고하시기 바랍니다.  ※ 해외 휴장일에는 주문만 불가하고, 환전, 계좌개설, 실시간 시세 사용신청 등의 업무는 기존과 동일하게 지원됩니다. 국내 휴장일 시에는 불가합니다.  ※ 상해A(후강퉁)와 심천A(선강퉁) 거래의 경우 거래 제도상 중국 현지는 정상거래이나, 후강퉁 매매는 불가할 수도 있습니다.  ※ 기타 문의 사항은 해외주식부(02-3771-9446)로 연락 주시기 바랍니다.
		
		
",2017/08/29 13:49,http://m.iprovest.com//weblogic/GlstockServlet/noticeView?sno=49814&pageNum=7&shColum=title&shKeyword=&rnum=64&menuUrl=
홍콩/중국 거래소 오후 휴장안내,"
		2017.08.23  홍콩의 태풍 영향으로  홍콩 및 중국(선강퉁, 후강퉁)거래소의 오후장이 휴장되었습니다.  금일은 오전/오후 모두 휴장이니 거래에 참고 부탁드리겠습니다. 감사합니다.
		
		
",2017/08/23 13:23,http://m.iprovest.com//weblogic/GlstockServlet/noticeView?sno=49799&pageNum=7&shColum=title&shKeyword=&rnum=65&menuUrl=
홍콩/중국 거래소 오전 휴장안내,"
		2017.08.23  홍콩의 태풍 영향으로 홍콩 및 중국(선강퉁, 후강퉁)거래소의 오전장이 휴장되었습니다. 오후장 거래여부는 추후 안내드리겠습니다. 거래에 참고 부탁드리겠습니다.
		
		
",2017/08/23 10:28,http://m.iprovest.com//weblogic/GlstockServlet/noticeView?sno=49797&pageNum=7&shColum=title&shKeyword=&rnum=66&menuUrl=
2017년 8월 해외 휴장일,"
		항상 교보증권을 이용해 주시는 고객님께 감사드립니다.  아래와 같이 2017년 8월 해외 증시 휴장일을 안내해드리오니 거래 시 참고하여 주시기 바랍니다.   <미국> - 없음   <홍콩> - 없음.   <중국(후강통,선강통)> - 없음    ※ 휴장일만큼 결제일이 지연되오니 참고하시기 바랍니다.  ※ 해외 휴장일에는 주문만 불가하고, 환전, 계좌개설, 실시간 시세 사용신청 등의 업무는 기존과 동일하게 지원됩니다. 국내 휴장일 시에는 불가합니다.  ※ 상해A(후강퉁)와 심천A(선강퉁) 거래의 경우 거래 제도상 중국 현지는 정상거래이나, 후강퉁 매매는 불가할 수도 있습니다.  ※ 기타 문의 사항은 해외주식부(02-3771-9446)로 연락 주시기 바랍니다.
		
		
",2017/07/31 17:51,http://m.iprovest.com//weblogic/GlstockServlet/noticeView?sno=49746&pageNum=7&shColum=title&shKeyword=&rnum=67&menuUrl=
2017년 7월 해외 휴장일,"
		항상 교보증권을 이용해 주시는 고객님께 감사드립니다.  아래와 같이 2017년 7월 해외 증시 휴장일을 안내해드리오니 거래 시 참고하여 주시기 바랍니다.     <미국> - 7/4 (화)  Independence Day 인디펜던스 데이     휴장일만큼 결제일이 지연되오니 참고하시기 바랍니다.  ※ 해외 휴장일에는 주문만 불가하고, 환전, 계좌개설, 실시간 시세 사용신청 등의 업무는 기존과 동일하게 지원됩니다. 국내 휴장일 시에는 불가합니다.  ※ 상해A(후강퉁)와 심천A(선강퉁) 거래의 경우 거래 제도상 중국 현지는 정상거래이나, 후강퉁 매매는 불가할 수도 있습니다.  ※ 기타 문의 사항은 해외주식부(02-3771-9446)로 연락 주시기 바랍니다.
		
		
",2017/07/03 17:05,http://m.iprovest.com//weblogic/GlstockServlet/noticeView?sno=49662&pageNum=7&shColum=title&shKeyword=&rnum=68&menuUrl=
2017년 5월 해외 휴장일,"
		항상 교보증권을 이용해 주시는 고객님께 감사드립니다.  아래와 같이 2017년 5월 해외 증시 휴장일을 안내해드리오니 거래 시 참고하여 주시기 바랍니다.   <미국> - 5/29 (월) Memorial Day 메모리얼 데이   <홍콩> - 5/1 (월) Labour Day 노동절- 5/3 (수) Buddah’s Birthday 석가탄신일- 5/30 (화) Tuen Ng Festival 단오절  <중국(후강통,선강통)> - 5/1 (월) Labour Day 노동절- 5/2~3 (화~수) 홍콩 거래소 석가 탄신일 및 전일로 인한 휴장 (현지 거래소 정상 거래) - 5/29 (월) Dragon Boat Festival 용선제 - 5/30 (화) Tuen Ng Festival 단오절   ※ 휴장일만큼 결제일이 지연되오니 참고하시기 바랍니다.  ※ 해외 휴장일에는 주문만 불가하고, 환전, 계좌개설, 실시간 시세 사용신청 등의 업무는 기존과 동일하게 지원됩니다. 국내 휴장일 시에는 불가합니다.  ※ 상해A(후강퉁)와 심천A(선강퉁) 거래의 경우 거래 제도상 중국 현지는 정상거래이나, 후강퉁 매매는 불가할 수도 있습니다.  ※ 기타 문의 사항은 해외주식부(02-3771-9446)로 연락 주시기 바랍니다.
		
		
",2017/04/28 22:12,http://m.iprovest.com//weblogic/GlstockServlet/noticeView?sno=49463&pageNum=7&shColum=title&shKeyword=&rnum=69&menuUrl=
2017년 4월 해외증시 휴장일,"
		항상 교보증권을 이용해 주시는 고객님께 감사드립니다.  아래와 같이 2017년 4월 해외 증시 휴장일을 안내해드리오니 거래 시 참고하여 주시기 바랍니다.   <미국> - 4/14 (금) Good Friday 성 금요일  <홍콩> - 4/4 (화) Ching Ming Festival 청명절- 4/14 (금) Good Friday 성 금요일 - 4/17 (월) Easter Monday 부활주일 후 월요일   <중국(후강통,선강통)> - 4/3 (월) Ching Ming Festival Eve 청명절 전일 - 4/4 (화) Ching Ming Festival 청명절- 4/13 (목) 홍콩거래소 전날로 인한 휴장 (현지 거래소 정상 거래) - 4/14 (금) 홍콩거래소 Good Friday 성 금요일 휴일로 인한 휴장 (현지 거래소 정상 거래) - 4/17 (월) 홍콩거래소 Easter Monday 부활주일 후 월요일로 인한 휴장 (현지 거래소 정상 거래)    ※ 휴장일만큼 결제일이 지연되오니 참고하시기 바랍니다.  ※ 해외 휴장일에는 주문만 불가하고, 환전, 계좌개설, 실시간 시세 사용신청 등의 업무는 기존과 동일하게 지원됩니다. 국내 휴장일 시에는 불가합니다.  ※ 상해A(후강퉁)와 심천A(선강퉁) 거래의 경우 거래 제도상 중국 현지는 정상거래이나, 후강퉁 매매는 불가할 수도 있습니다.  ※ 기타 문의 사항은 해외주식부(02-3771-9446)로 연락 주시기 바랍니다.
		
		
",2017/04/03 07:37,http://m.iprovest.com//weblogic/GlstockServlet/noticeView?sno=49370&pageNum=7&shColum=title&shKeyword=&rnum=70&menuUrl=
미국 증시 거래시간 변경 (서머타임 적용),"


제목없음



BODY {
	FONT-SIZE: 10pt; FONT-FAMILY: 굴림; MARGIN: 0px
}
P {
	MARGIN-BOTTOM: 0px; MARGIN-TOP: 0px; LINE-HEIGHT: 1.2
}
LI {
	MARGIN-BOTTOM: 0px; MARGIN-TOP: 0px; LINE-HEIGHT: 1.2
}

  



BODY {
	FONT-SIZE: 10pt; FONT-FAMILY: 굴림; MARGIN: 0px
}
P {
	MARGIN-BOTTOM: 0px; MARGIN-TOP: 0px; LINE-HEIGHT: 1.2
}
LI {
	MARGIN-BOTTOM: 0px; MARGIN-TOP: 0px; LINE-HEIGHT: 1.2
}




BODY {
	FONT-SIZE: 10pt; FONT-FAMILY: 굴림; MARGIN: 0px
}
P {
	MARGIN-BOTTOM: 0px; MARGIN-TOP: 0px; LINE-HEIGHT: 1.2
}
LI {
	MARGIN-BOTTOM: 0px; MARGIN-TOP: 0px; LINE-HEIGHT: 1.2
}





BODY {
	FONT-SIZE: 10pt; FONT-FAMILY: 굴림; MARGIN: 0px
}
P {
	MARGIN-BOTTOM: 0px; MARGIN-TOP: 0px; LINE-HEIGHT: 1.2
}
LI {
	MARGIN-BOTTOM: 0px; MARGIN-TOP: 0px; LINE-HEIGHT: 1.2
}

항상 교보증권을 이용해 주시는 고객님께 감사드립니다. 

 

 

미국 섬머타임이 미국 동부시간 기준 3월 12일 02:00시 부로 적용 될 예정입니다. 따라서 국내시간 기준 3월 13일 부로 미국 거래소 정규장이 기존 23:30분에서 22:30분으로 변경되오니 착오 없으시길 바랍니다 

 

 

 


* 2017년 3월 13일 부터 미국 증시 거래시간 변경 

 

 

* 기존  23:30 ~ 06:00 
* 변경  22:30 ~ 05:00 

 

 

 

 

 

※ 기타 문의 사항은 해외주식부(02-3771-9446)로 연락 주시기 바랍니다. 



",2017/03/06 22:12,http://m.iprovest.com//weblogic/GlstockServlet/noticeView?sno=49306&pageNum=8&shColum=title&shKeyword=&rnum=71&menuUrl=
2017년 3월 해외증시 휴장일,"
		항상 교보증권을 이용해 주시는 고객님께 감사드립니다.  아래와 같이 2017년 3월 해외 증시 휴장일을 안내해드리오니 거래 시 참고하여 주시기 바랍니다.   <미국> - 없음  <홍콩> - 없음.   <중국(후강통,선강통)> - 없음   ※ 휴장일만큼 결제일이 지연되오니 참고하시기 바랍니다.  ※ 해외 휴장일에는 주문만 불가하고, 환전, 계좌개설, 실시간 시세 사용신청 등의 업무는 기존과 동일하게 지원됩니다. 국내 휴장일 시에는 불가합니다.  ※ 상해A(후강퉁)와 심천A(선강퉁) 거래의 경우 거래 제도상 중국 현지는 정상거래이나, 후강퉁 매매는 불가할 수도 있습니다.  ※ 기타 문의 사항은 해외주식부(02-3771-9446)로 연락 주시기 바랍니다.
		
		
",2017/03/02 08:28,http://m.iprovest.com//weblogic/GlstockServlet/noticeView?sno=49292&pageNum=8&shColum=title&shKeyword=&rnum=72&menuUrl=
2017년 2월 해외증시 휴장일,"
		항상 교보증권을 이용해 주시는 고객님께 감사드립니다.  아래와 같이 2017년 2월 해외 증시 휴장일을 안내해드리오니 거래 시 참고하여 주시기 바랍니다.   <미국> - 2/20 (월) : President''s Day 대통령의 날.  <홍콩> - 없음.   <중국(후강통,선강통)> - 2/1 (수) Luna New Year. 구정- 2/2 (목) Luna New Year. 구정   ※ 휴장일만큼 결제일이 지연되오니 참고하시기 바랍니다.  ※ 해외 휴장일에는 주문만 불가하고, 환전, 계좌개설, 실시간 시세 사용신청 등의 업무는 기존과 동일하게 지원됩니다. 국내 휴장일 시에는 불가합니다.  ※ 상해A(후강퉁)와 심천A(선강퉁) 거래의 경우 거래 제도상 중국 현지는 정상거래이나, 후강퉁 매매는 불가할 수도 있습니다.  ※ 기타 문의 사항은 해외주식부(02-3771-9446)로 연락 주시기 바랍니다.
		
		
",2017/01/31 23:00,http://m.iprovest.com//weblogic/GlstockServlet/noticeView?sno=49163&pageNum=8&shColum=title&shKeyword=&rnum=73&menuUrl=
해외주식 신규화면 오픈 안내 (양도소득 및 담보대출),"
		안녕하십니까, 항상 저희 교보증권을 이용해주시는 고객 여러분께 감사의 말씀을 드립니다. 2017년 1월 18일(수)부터 HTS에서 아래화면이 추가 오픈되었으니 이용에 참고하시기 바랍니다. - [1332] 해외주식 담보대출현황조회- [1335] 해외주식 양도소득 과표 조회/출력
		
		
",2017/01/18 17:01,http://m.iprovest.com//weblogic/GlstockServlet/noticeView?sno=49125&pageNum=8&shColum=title&shKeyword=&rnum=74&menuUrl=
2017년 1월 해외증시 휴장일 ,"
		항상 교보증권을 이용해 주시는 고객님께 감사드립니다.  아래와 같이 2017년 1월 해외 증시 휴장일을 안내해드리오니 거래 시 참고하여 주시기 바랍니다.   <미국> - 1/2 (월) : New Year''s Day (Obs), 새해- 1/16 (월) : Martin Luther King Day. 마틴루터킹데이  <홍콩> - 1/2 (월) New Year''s Day (obs) 새해- 1/27 (금) Luna New Year''s eve 구정 전일- 1/30 (월) Luna New Year. 구정- 1/31 (화) Luna New Year. 구정  <중국(후강통,선강통)> - 1/2 (월) New Year''s Day (obs) 새해- 1/27 (금) Luna New Year''s eve 구정 전일- 1/30 (월) Luna New Year. 구정- 1/31 (화) Luna New Year. 구정   ※ 휴장일만큼 결제일이 지연되오니 참고하시기 바랍니다.  ※ 해외 휴장일에는 주문만 불가하고, 환전, 계좌개설, 실시간 시세 사용신청 등의 업무는 기존과 동일하게 지원됩니다. 국내 휴장일 시에는 불가합니다. ※ 상해A(후강퉁)와 심천A(선강퉁) 거래의 경우 거래 제도상 중국 현지는 정상거래이나, 후강퉁 매매는 불가할 수도 있습니다.  ※ 기타 문의 사항은 해외주식부(02-3771-9446)로 연락 주시기 바랍니다. 

",2017/01/02 09:12,http://m.iprovest.com//weblogic/GlstockServlet/noticeView?sno=49062&pageNum=8&shColum=title&shKeyword=&rnum=75&menuUrl=
2016년 12월 해외증시 휴장일,"
		항상 교보증권을 이용해 주시는 고객님께 감사드립니다.  아래와 같이 12월 해외 증시 휴장일을 안내해드리오니 거래 시 참고하여 주시기 바랍니다.   <미국> - 12/26 (월) : Christmas (Obs) (크리스마스 휴일)   <홍콩> - 12/26 (월) : The Day After Christmas (크리스마스 휴일) - 12/27 (화) : The Day After Christmas (크리스마스 휴일)   <중국(후강통,선강통)> - 12/23 (금) ~ 12/27(화) : 홍콩 거래소의 크리스마스 휴일로 인하여 휴장. (결제 지연.)   ※ 휴장일만큼 결제일이 지연되오니 참고하시기 바랍니다.  ※ 해외 휴장일에는 주문만 불가하고, 환전, 계좌개설, 실시간 시세 사용신청 등의 업무는 기존과 동일하게 지원됩니다.  ※ 상해A(후강퉁)와 심천A(선강퉁) 거래의 경우 거래 제도상 중국 현지는 정상거래이나, 후강퉁 매매는 불가할 수도 있습니다.  ※ 기타 문의 사항은 해외주식부(02-3771-9446)로 연락 주시기 바랍니다.
		
		
",2016/12/02 10:52,http://m.iprovest.com//weblogic/GlstockServlet/noticeView?sno=48950&pageNum=8&shColum=title&shKeyword=&rnum=76&menuUrl=
중국 선강통(심천시장)거래 시행 안내,"


제목없음

 body{font-family :굴림; font-size : 10pt; word-Wrap : break-word; margin : 0 0 0 0;} p,li{line-height:1.2; margin-top:0; margin-bottom:0;}



제목없음

 body{font-family :굴림; font-size : 10pt; word-Wrap : break-word; margin : 0 0 0 0;} p,li{line-height:1.2; margin-top:0; margin-bottom:0;}


제목없음

 body{font-family :굴림; font-size : 10pt; word-Wrap : break-word; margin : 0 0 0 0;} p,li{line-height:1.2; margin-top:0; margin-bottom:0;}



제목없음

 body{font-family :굴림; font-size : 10pt; word-Wrap : break-word; margin : 0 0 0 0;} p,li{line-height:1.2; margin-top:0; margin-bottom:0;}




항상 교보증권을 이용해 주시는 고객님께 감사드립니다.

아래와 같이 선강통 시행 안내와 선강통 개막 이벤트가 진행될 예정이오니 많은 관심과 참여 부탁 드립니다.


<선강통 시행>

1. 시행일 : 2016년 12월 5일

2. 가능 종목 : 심천 시장 상장 A주 중 선강통 지정 881 종목 (가능 종목은 변경됩니다.)
* 종목코드 300xxx으로 시작하는 창업판 종목은 거래불가 

3. 서비스 매체 : PROVEST K / 모바일 MTS (해외주식)

4. 선강통 주요 내용
 - 거래통화 : CNY (위안화)
 - 거래시간 : 오전장 10:30~12:30 / 오후장 14:00~16:00 (점심휴장 12:30~14:00)
 - 결제일 : T+1 (당일 매수/매도 불가)
 - 수수료 : 온라인 0.3% / 오프라인 0.6% (최소수수료 100 CNY_후강통과 동일)


<선강통 오픈 이벤트>

1. 이벤트 기간 : 2016년 12월 5일 ~ 2017년 2월 28일 (※ 매매체결일 기준)

2. 이벤트 내용

 1) 계좌 개설 후 첫매매 체결시 모바일 CU상품권 5천원 제공 
(선착순 400명, 조건달성 후 익월 초 지급되며, 고객별 1회 한정)

 2) 매일 20번째 체결 고객 3개월 선강통 실시간 시세비용 제공
 
 3) 매일 100번째 체결 고객 1개월 수수료 면제 
(조건달성 후 익월부터 적용, 최소비용 8bp 고객 부담, 고객별 1회 한정)
 
4) 이벤트 전체기간동안 매매대금 기준 2억원 이상 고객 대상 추첨을 통해 10만원 백화점 상품권 지급

※ 기타 문의 사항은 해외주식부(02-3771-9446)로 연락 주시기 바랍니다.



",2016/11/29 16:21,http://m.iprovest.com//weblogic/GlstockServlet/noticeView?sno=48943&pageNum=8&shColum=title&shKeyword=&rnum=77&menuUrl=
미국 주식(ETN)유가 추종 상품 UWTI/DWTI 상장폐지안내,"


제목없음



BODY {
	FONT-SIZE: 10pt; FONT-FAMILY: 굴림; MARGIN: 0px
}
P {
	MARGIN-BOTTOM: 0px; MARGIN-TOP: 0px; LINE-HEIGHT: 1.2
}
LI {
	MARGIN-BOTTOM: 0px; MARGIN-TOP: 0px; LINE-HEIGHT: 1.2
}



항상 교보증권을 이용해주시는 고객여러분들께 감사드립니다.

 

국제 유가를 추종하는 미국 ETN 상품 UWTI/DWTI가 상장폐지 결정됨에따라 아래과 같이 안내드립니다.

 

 

1. 사유 :  Velocity shares 운용사의 상장폐지 결정

 

 

2. 상장폐지 상품

  1) UWTI - VelocityShares 3X Long Crude ETN(AMEX)

  2) DWTI -  VelocityShares 3X Inverse Crude ETN (AMEX)

 

 

3. 상장폐지일 : 2016년 12월 9일(2016년 12월 8일까지 정상거래)

 

 

4. 향후 진행사항

 - 2016년 12월 9일부터 장외시장에서만 거래가 가능

 - 장외시장에서는 유동성, LP등의 문제로 높은 가격괴리 발생할 수 있어 매도가 어려울 수 있습니다.

 - 해당상품 2016년 11월 28일(월)부터 신규 매수 불가, 청산만 가능

 

 

 

   ※ 기타 관련 문의는 교보증권 해외주식부(02-3771-9446)으로 주시기 바랍니다.              끝.



",2016/11/18 14:49,http://m.iprovest.com//weblogic/GlstockServlet/noticeView?sno=48923&pageNum=8&shColum=title&shKeyword=&rnum=78&menuUrl=
2016년 11월 해외증시 휴장일 안내,"
		항상 교보증권을 이용해 주시는 고객님께 감사드립니다.  아래와 같이 11월 해외 증시 휴장일을 안내해드리오니 거래 시 참고하여 주시기 바랍니다.   <미국> - 11/11 (금): Veteran’s Day (재향군인의 날)로 인한 결제일 변경 * 미국 주식 시장 정상거래 - 11/24 (목) : Thanksgiving Day (추수감사절)* 미국 주식 시장 휴장 - 11/25 (금) : DAY after Thanksgiving * 미국주식 반장(오전장만 개장)    <홍콩> 없음.  <후강퉁(상해A)> 없음.   ※ 휴장일만큼 결제일이 지연되오니 참고하시기 바랍니다.  ※ 기타 문의 사항은 해외주식부(02-3771-9446)로 연락 주시기 바랍니다.
		
		
",2016/11/01 12:27,http://m.iprovest.com//weblogic/GlstockServlet/noticeView?sno=48858&pageNum=8&shColum=title&shKeyword=&rnum=79&menuUrl=
미국 증시 거래시간 변경 (서머타임 해제),"
		항상 교보증권을 이용해 주시는 고객님께 감사드립니다.  미국 섬머타임이 미국 동부시간 기준 11월 6일 02:00시 부로 해제 될 예정입니다.따라서 국내시간 기준 11월 7일 부로 미국 거래소 정규장이 기존 22:30분에서 23:30분으로 변경되오니 착오 없으시길 바랍니다   * 2016년 11월 7일 부터 미국 증시 거래시간 변경  * 기존 : 22:30 ~ 05:00 * 변경 : 23:30 ~ 06:00   ※ 기타 문의 사항은 해외주식부(02-3771-9446)로 연락 주시기 바랍니다. 

",2016/10/24 22:55,http://m.iprovest.com//weblogic/GlstockServlet/noticeView?sno=48817&pageNum=8&shColum=title&shKeyword=&rnum=80&menuUrl=
태풍으로 인한 홍콩/중국 시장 휴장,"
		항상 교보증권을 이용해 주시는 고객님께 감사드립니다.  금일(21일) 홍콩 거래소는 태풍으로 인해 오전/오후장이 열리지 않습니다. 이로 인해, 홍콩 시장과 후강통 시장은 매매 할 수 없습니다.해외주식거래에 참고 하시기 바랍니다. 감사합니다. [거래시간] 중국시장 오전장 10:30 ~ 12:30(휴장) 중국시장 오후장 14:00 ~ 16:00(휴장) 홍콩시장 오전장 10:30 ~ 13:00(휴장) 홍콩시장 오후장 14:00 ~ 17:00(휴장)  ※ 기타 문의 사항은 해외주식부(02-3771-9446)로 연락 주시기 바랍니다. 

",2016/10/21 16:17,http://m.iprovest.com//weblogic/GlstockServlet/noticeView?sno=48813&pageNum=9&shColum=title&shKeyword=&rnum=81&menuUrl=
2016년 10월 해외증시 휴장일 안내,"
		항상 교보증권을 이용해 주시는 고객님께 감사드립니다. 아래와 같이 10월 해외 증시 휴장일을 안내해드리오니 거래 시 참고하여 주시기 바랍니다.  <미국>- 10/10 (월): Columbus Day (콜럼버스의 날)로 인한 결제일 변경 * 미국 주식 시장 정상거래     <홍콩>- 10/1 (토): National Day (국경절) - 10/10 (월): Chung Yeung Festival (청앵축제)    <후강퉁(상해A)>- 10/3 (월) ~ 10/7 (금): National Day (국경절) - 10/10 (월): Chung Yeung Festival (청앵축제) * 상해 현지 거래소 정상거래 (제도상 홍콩 휴장일로 후강통 매매는 불가)   ※ 휴장일만큼 결제일이 지연되오니 참고하시기 바랍니다. ※ 기타 문의 사항은 해외주식부(02-3771-9446)로 연락 주시기 바랍니다. 

",2016/10/10 15:02,http://m.iprovest.com//weblogic/GlstockServlet/noticeView?sno=48753&pageNum=9&shColum=title&shKeyword=&rnum=82&menuUrl=
태풍으로 인한 홍콩/중국 시장 휴장,"


제목없음

 body{font-family :굴림; font-size : 10pt; word-Wrap : break-word; margin : 0 0 0 0;} p,li{line-height:1.2; margin-top:0; margin-bottom:0;}



제목없음



BODY {
	FONT-SIZE: 10pt; FONT-FAMILY: 굴림; MARGIN: 0px
}
P {
	MARGIN-BOTTOM: 0px; MARGIN-TOP: 0px; LINE-HEIGHT: 1.2
}
LI {
	MARGIN-BOTTOM: 0px; MARGIN-TOP: 0px; LINE-HEIGHT: 1.2
}


금일(2일) 태풍으로 인해 홍콩 및 중국 거래소 오전/오후장이 열리지 않습니다. 


해외주식거래에 참고 하시기 바랍니다. 감사합니다.

 

[거래시간]






중국시장 오전장

10:30 ~ 12:30(휴장)



중국시장 오후장

14:00 ~ 16:00(휴장)



홍콩시장 오전장

10:30 ~ 13:00(휴장)



홍콩시장 오후장

14:00 ~ 17:00(휴장)




  

※ 기타 문의 사항은 해외주식부(02-3771-9446)로 연락 주시기 바랍니다. 



",2016/08/02 09:08,http://m.iprovest.com//weblogic/GlstockServlet/noticeView?sno=48516&pageNum=9&shColum=title&shKeyword=&rnum=83&menuUrl=
해외주식 홍콩거래소 장마감 동시호가제도 실시 안내,"


제목없음



BODY {
	FONT-SIZE: 10pt; FONT-FAMILY: 굴림; MARGIN: 0px
}
P {
	MARGIN-BOTTOM: 0px; MARGIN-TOP: 0px; LINE-HEIGHT: 1.2
}
LI {
	MARGIN-BOTTOM: 0px; MARGIN-TOP: 0px; LINE-HEIGHT: 1.2
}


 
홍콩거래소(HKEX)의 장마감 동시호가 도입으로 장 종료시간이 아래와 같이 변경되오니 참고하시기 바랍니다. 
 
1. Closing Auction Session(장마감 동시호가)이란? 
- 장 마감 전 동시호가 시간 동안(16:00~16:10), 시장 참여자들은 매수/매도 주문이 가능하며 가장 많은 거래량이
체결될 수 있는 가격에 종가가 형성되고, 해당 주문은 종가로 체결 
- 홍콩 거래소 동시호가제도 도입 안내 페이지 http://www.hkex.com.hk/cas/en/index.htm 
 




Phase

적용일

적용종목



Phase 1

2016년07월25일(월)

- Hangseng Composite Large Cap Index 및 Hangseng
Composite MidCap Index의 편입종목 
- 중국거래소에 상장된 A주에 대응하는 H주 및 모든 ETF



Phase 2

2017년 1분기 예정

- 모든 종목 및 펀드 포함 예정



 
2. Closing Auction Session(장마감 동시호가) 적용 종목 
 
3. 홍콩거래소 장 종료시간 변경 





구분

현지시간 (HKT)

한국시간 (KST)



장 종료시간

16:00에서 16:08~16:10 랜덤엔드로 변경
(Half Day Trading시 12:08~12:10)

17:00에서 17:08~17:10 랜덤엔드로 변경 
(Half Day Trading시 13:08~13:10) 



 
4. 홍콩거래소 Closing Auction Session(CAS) Model 상세 





CAS

시간

비고



Reference Price Fixing 
기준가 결정 

16:00–16:01 HKT 
(17:00–17:01KST) 

- 기준가 산출 및 공표 
- 주문, 주문취소, 주문정정 모두 불가 
- 가격제한폭 내 호가는 자동적으로 동시호가 매매로 이월 
- 기준가는 정규거래시간의 마지막 1분(15:59:00-16:00:00)에 15초
간격으로 찍은 5개 현재가 Snapshot의 중앙값(Median) 



Order Input Period 
호가접수시간 

16:01–16:06 HKT 
(17:01–17:06KST) 

- 가격제한폭: 기준가의 5% 
- 주문유형: 시장가 주문, 지정가 주문 
- 주문, 주문취소, 주문정정 모두 가능 



No Cancellation Period 
취소불가시간 

 
16:06–16:08 HKT 
(17:06–17:08KST) 

- 가격제한폭: 최고 매수호가& 최저 매도호가 사이 
- 주문유형: 시장가 주문, 지정가 주문 
- 주문가능, 주문취소 및 주문정정 불가 



Random Closing 
Period 
랜덤엔드 

16:08–16:10 HKT 
(17:08–17:10KST) 

- 가격제한폭: 최고 매수호가& 최저 매도호가 사이 
- 주문유형: 시장가 주문, 지정가 주문 
- 주문가능, 주문취소 및 주문정정 불가 
- 실제 장 마감 시간은 시스템에 의해 임의로 결정됨 



 
5. 기타 
- 관련 문의사항은 해외주식부(9446, 9472)로 연락주시기 바랍니다. 끝. 



",2016/07/21 15:09,http://m.iprovest.com//weblogic/GlstockServlet/noticeView?sno=48477&pageNum=9&shColum=title&shKeyword=&rnum=84&menuUrl=
외화입금 관련 안내,"


제목없음



BODY {
	MARGIN: 0px; FONT-FAMILY: 굴림; FONT-SIZE: 10pt
}
P {
	LINE-HEIGHT: 1.2; MARGIN-TOP: 0px; MARGIN-BOTTOM: 0px
}
LI {
	LINE-HEIGHT: 1.2; MARGIN-TOP: 0px; MARGIN-BOTTOM: 0px
}



항상 저희 교보증권을 이용해 주시는 고객 여러분께 감사의 말씀을 드립니다. 

 

현재 해외주식계좌의 외화입금은 교보증권 모계좌로만 가능합니다.

 

우리은행 모계좌번호 : 108 1600 698583  교보증권(주)

 

위 계좌로 입금하신 후 반드시 해당지점으로 연락 바랍니다.

 



",2016/06/17 11:08,http://m.iprovest.com//weblogic/GlstockServlet/noticeView?sno=48361&pageNum=9&shColum=title&shKeyword=&rnum=85&menuUrl=
